line,Group_ID,line_rep,Sex,memory_score,Test
208,1,1,Male,-97.14285714,Punishment
208,2,2,Male,-98.7654321,Punishment
208,3,3,Male,-98.24561404,Punishment
208,4,4,Male,-96.42857143,Punishment
208,5,5,Male,-73.33333333,Punishment
208,6,6,Male,-90.0273224,Punishment
208,7,7,Male,-76.47058824,Punishment
208,8,8,Male,-81.875,Punishment
208,9,9,Male,-65.2173913,Punishment
301,10,1,Male,-57.77777778,Punishment
301,11,2,Male,-,Punishment
301,12,3,Male,-,Punishment
301,13,4,Male,-50,Punishment
301,14,5,Male,-,Punishment
301,15,6,Male,-,Punishment
301,16,7,Male,-,Punishment
301,17,8,Male,-,Punishment
303,18,1,Male,-84.61538462,Punishment
303,19,2,Male,-55.49450549,Punishment
303,20,3,Male,-67.5,Punishment
303,21,4,Male,-33.33333333,Punishment
303,22,5,Male,-51.66666667,Punishment
303,23,6,Male,-47.5,Punishment
303,24,7,Male,-43.63636364,Punishment
304,25,1,Male,-77.77777778,Punishment
304,26,2,Male,-69.23076923,Punishment
304,27,3,Male,-78.57142857,Punishment
304,28,4,Male,-50,Punishment
304,29,5,Male,-,Punishment
304,30,6,Male,-45.45454545,Punishment
304,31,7,Male,-16.66666667,Punishment
304,32,8,Male,-,Punishment
304,33,9,Male,-14.28571429,Punishment
307,34,1,Male,-67.30769231,Punishment
307,35,2,Male,-35.71428571,Punishment
307,36,3,Male,-,Punishment
307,37,4,Male,-49.23076923,Punishment
307,38,5,Male,-17.43421053,Punishment
307,39,6,Male,-7.142857143,Punishment
307,40,7,Male,-5.263157895,Punishment
307,41,8,Male,-12.5,Punishment
307,42,9,Male,0,Punishment
313,43,1,Male,-40,Punishment
313,44,2,Male,-4.166666667,Punishment
313,45,3,Male,-10.71428571,Punishment
313,46,4,Male,-6.25,Punishment
313,47,5,Male,7.692307692,Punishment
313,48,6,Male,-4.428904429,Punishment
313,49,7,Male,-5,Punishment
313,50,8,Male,-3.344481605,Punishment
313,51,9,Male,-7.692307692,Punishment
313,52,10,Male,0,Punishment
313,53,11,Male,0,Punishment
315,54,1,Male,-100,Punishment
315,55,2,Male,-100,Punishment
315,56,3,Male,-57.14285714,Punishment
315,57,4,Male,-50,Punishment
315,58,5,Male,-7.142857143,Punishment
315,59,6,Male,-,Punishment
315,60,7,Male,-,Punishment
315,61,8,Male,0,Punishment
324,62,1,Male,-83.83333333,Punishment
324,63,2,Male,-81.25,Punishment
324,64,3,Male,-73.68421053,Punishment
324,65,4,Male,-,Punishment
324,66,5,Male,-60,Punishment
324,67,6,Male,-46.66666667,Punishment
324,68,7,Male,-41.66666667,Punishment
324,69,8,Male,-50,Punishment
324,70,9,Male,-,Punishment
335,71,1,Male,-96.77419355,Punishment
335,72,2,Male,-82.35294118,Punishment
335,73,3,Male,-82.60869565,Punishment
335,74,4,Male,-,Punishment
335,75,5,Male,-,Punishment
335,76,6,Male,-54.54545455,Punishment
335,77,7,Male,-19.51219512,Punishment
335,78,8,Male,6.25,Punishment
357,79,1,Male,-87.5,Punishment
357,80,2,Male,-60,Punishment
357,81,3,Male,-100,Punishment
357,82,4,Male,-,Punishment
357,83,5,Male,-37.5,Punishment
357,84,6,Male,-10,Punishment
357,85,7,Male,0,Punishment
357,86,8,Male,16.66666667,Punishment
358,87,1,Male,-87.92102207,Punishment
358,88,2,Male,-39.70588235,Punishment
358,89,3,Male,-43.57142857,Punishment
358,90,4,Male,-25.56561086,Punishment
358,91,5,Male,-29.41176471,Punishment
358,92,6,Male,3.703703704,Punishment
358,93,7,Male,-5.263157895,Punishment
358,94,8,Male,4.347826087,Punishment
360,95,1,Male,-100,Punishment
360,96,2,Male,-100,Punishment
360,97,3,Male,-70.83333333,Punishment
360,98,4,Male,-83.33333333,Punishment
360,99,5,Male,-54.11764706,Punishment
360,100,6,Male,-27.77777778,Punishment
360,101,7,Male,0,Punishment
360,102,8,Male,-,Punishment
360,103,9,Male,-,Punishment
360,104,10,Male,-17.64705882,Punishment
360,105,11,Male,-,Punishment
362,106,1,Male,-100,Punishment
362,107,2,Male,-,Punishment
362,108,3,Male,-95.23809524,Punishment
362,109,4,Male,-100,Punishment
362,110,5,Male,-96.96969697,Punishment
362,111,6,Male,-94.11764706,Punishment
362,112,7,Male,-,Punishment
362,113,8,Male,-84.375,Punishment
362,114,9,Male,-,Punishment
362,115,10,Male,-72.4137931,Punishment
362,116,11,Male,-77.14285714,Punishment
362,117,12,Male,-,Punishment
362,118,13,Male,-,Punishment
362,119,14,Male,-,Punishment
362,120,15,Male,-,Punishment
362,121,16,Male,-,Punishment
362,122,17,Male,-,Punishment
362,123,18,Male,-,Punishment
362,124,19,Male,-,Punishment
362,125,20,Male,-,Punishment
365,126,1,Male,-,Punishment
365,127,2,Male,-90,Punishment
365,128,3,Male,-83.5,Punishment
365,129,4,Male,-100,Punishment
365,130,5,Male,-75,Punishment
365,131,6,Male,-30,Punishment
365,132,7,Male,-81.81818182,Punishment
365,133,8,Male,-,Punishment
365,134,9,Male,-47.36842105,Punishment
375,135,1,Male,-,Punishment
375,136,2,Male,-83.33333333,Punishment
375,137,3,Male,-,Punishment
375,138,4,Male,-62.5,Punishment
375,139,5,Male,-9.090909091,Punishment
375,140,6,Male,-16.66666667,Punishment
375,141,7,Male,-,Punishment
375,142,8,Male,-,Punishment
375,143,9,Male,-,Punishment
379,144,1,Male,-100,Punishment
379,145,2,Male,-100,Punishment
379,146,3,Male,-92.85714286,Punishment
379,147,4,Male,-89.16666667,Punishment
379,148,5,Male,-80,Punishment
379,149,6,Male,-80,Punishment
379,150,7,Male,-65.2173913,Punishment
379,151,8,Male,-21.42857143,Punishment
380,152,1,Male,-95.45454545,Punishment
380,153,2,Male,-87.6910017,Punishment
380,154,3,Male,-74.30555556,Punishment
380,155,4,Male,-56.89877498,Punishment
380,156,5,Male,-60.48780488,Punishment
380,157,6,Male,-73.33333333,Punishment
380,158,7,Male,-73.03921569,Punishment
380,159,8,Male,-53.40909091,Punishment
391,160,1,Male,-,Punishment
391,161,2,Male,-91.66666667,Punishment
391,162,3,Male,-,Punishment
391,163,4,Male,-,Punishment
391,164,5,Male,-64.28571429,Punishment
391,165,6,Male,-,Punishment
391,166,7,Male,-33.33333333,Punishment
391,167,8,Male,-,Punishment
391,168,9,Male,-57.14285714,Punishment
391,169,10,Male,-41.66666667,Punishment
391,170,11,Male,-50,Punishment
391,171,12,Male,-,Punishment
391,172,13,Male,-28.57142857,Punishment
391,173,14,Male,-,Punishment
391,174,15,Male,-,Punishment
391,175,16,Male,-,Punishment
391,176,17,Male,-8.717948718,Punishment
399,177,1,Male,-80,Punishment
399,178,2,Male,-88.88888889,Punishment
399,179,3,Male,-91.66666667,Punishment
399,180,4,Male,-,Punishment
399,181,5,Male,-66.66666667,Punishment
399,182,6,Male,-,Punishment
399,183,7,Male,-45.45454545,Punishment
399,184,8,Male,-11.11111111,Punishment
427,185,1,Male,-100,Punishment
427,186,2,Male,-90.90909091,Punishment
427,187,3,Male,-88.23529412,Punishment
427,188,4,Male,-56.59340659,Punishment
427,189,5,Male,-70,Punishment
427,190,6,Male,-57.14285714,Punishment
427,191,7,Male,-,Punishment
427,192,8,Male,-43.47826087,Punishment
437,193,1,Male,-70,Punishment
437,194,2,Male,-,Punishment
437,195,3,Male,-,Punishment
437,196,4,Male,-88.88888889,Punishment
437,197,5,Male,-50,Punishment
437,198,6,Male,-80,Punishment
437,199,7,Male,-,Punishment
437,200,8,Male,-,Punishment
486,201,1,Male,-91.66666667,Punishment
486,202,2,Male,-,Punishment
486,203,3,Male,-66.66666667,Punishment
486,204,4,Male,-62.78195489,Punishment
486,205,5,Male,-75.71428571,Punishment
486,206,6,Male,-51.13636364,Punishment
486,207,7,Male,-56.01023018,Punishment
486,208,8,Male,-33.61344538,Punishment
486,209,9,Male,-15.54621849,Punishment
486,210,10,Male,8.333333333,Punishment
517,211,1,Male,-72.91666667,Punishment
517,212,2,Male,-62.5,Punishment
517,213,3,Male,-66.66666667,Punishment
517,214,4,Male,-64.76190476,Punishment
517,215,5,Male,-50,Punishment
517,216,6,Male,-27.27272727,Punishment
517,217,7,Male,-37.5,Punishment
517,218,8,Male,0,Punishment
517,219,9,Male,-,Punishment
555,220,1,Male,-100,Punishment
555,221,2,Male,-,Punishment
555,222,3,Male,-94.11764706,Punishment
555,223,4,Male,-90,Punishment
555,224,5,Male,-81.74603175,Punishment
555,225,6,Male,-77.45098039,Punishment
555,226,7,Male,-77.77777778,Punishment
555,227,8,Male,-,Punishment
555,228,9,Male,-,Punishment
639,229,1,Male,-75.09157509,Punishment
639,230,2,Male,-67.60869565,Punishment
639,231,3,Male,-61.66666667,Punishment
639,232,4,Male,-44.31289641,Punishment
639,233,5,Male,-41.66666667,Punishment
639,234,6,Male,-40.47619048,Punishment
639,235,7,Male,-8.253968254,Punishment
639,236,8,Male,-0.765306122,Punishment
705,237,1,Male,-100,Punishment
705,238,2,Male,-100,Punishment
705,239,3,Male,-100,Punishment
705,240,4,Male,-60.65934066,Punishment
705,241,5,Male,-65.57017544,Punishment
705,242,6,Male,-42.85714286,Punishment
705,243,7,Male,-15.45454545,Punishment
705,244,8,Male,-29.62962963,Punishment
707,245,1,Male,-,Punishment
707,246,2,Male,-100,Punishment
707,247,3,Male,-97.05882353,Punishment
707,248,4,Male,-96.05263158,Punishment
707,249,5,Male,-100,Punishment
707,250,6,Male,-94.87179487,Punishment
707,251,7,Male,-91.66666667,Punishment
707,252,8,Male,-,Punishment
707,253,9,Male,-88.88888889,Punishment
707,254,10,Male,-79.47089947,Punishment
707,255,11,Male,-87.83068783,Punishment
707,256,12,Male,-82.23684211,Punishment
707,257,13,Male,-52.72727273,Punishment
707,258,14,Male,-66.66666667,Punishment
707,259,15,Male,-,Punishment
707,260,16,Male,-,Punishment
707,261,17,Male,-45.83333333,Punishment
707,262,18,Male,-30.42328042,Punishment
707,263,19,Male,-,Punishment
707,264,20,Male,-,Punishment
707,265,21,Male,-,Punishment
707,266,22,Male,-,Punishment
707,267,23,Male,0,Punishment
712,268,1,Male,-79.9856528,Punishment
712,269,2,Male,-85.83916084,Punishment
712,270,3,Male,-80,Punishment
712,271,4,Male,-55.27777778,Punishment
712,272,5,Male,-55,Punishment
712,273,6,Male,-25,Punishment
712,274,7,Male,-14.03508772,Punishment
712,275,8,Male,23.73737374,Punishment
712,276,9,Male,-,Punishment
714,277,1,Male,-94.44444444,Punishment
714,278,2,Male,-88.88888889,Punishment
714,279,3,Male,-100,Punishment
714,280,4,Male,-83.33333333,Punishment
714,281,5,Male,-,Punishment
714,282,6,Male,-40,Punishment
714,283,7,Male,-28.57142857,Punishment
714,284,8,Male,-,Punishment
730,285,1,Male,-93.33333333,Punishment
730,286,2,Male,-71.42857143,Punishment
730,287,3,Male,-46.03174603,Punishment
730,288,4,Male,-57.5,Punishment
730,289,5,Male,-,Punishment
730,290,6,Male,-,Punishment
730,291,7,Male,-12.82051282,Punishment
730,292,8,Male,-21.42857143,Punishment
732,293,1,Male,-,Punishment
732,294,2,Male,-,Punishment
732,295,3,Male,-66.66666667,Punishment
732,296,4,Male,-,Punishment
732,297,5,Male,-75,Punishment
732,298,6,Male,-,Punishment
732,299,7,Male,-37.96791444,Punishment
732,300,8,Male,-,Punishment
765,301,1,Male,-58.87700535,Punishment
765,302,2,Male,-52.5,Punishment
765,303,3,Male,-,Punishment
765,304,4,Male,-42.30769231,Punishment
765,305,5,Male,-9.090909091,Punishment
765,306,6,Male,-14.28571429,Punishment
765,307,7,Male,0,Punishment
765,308,8,Male,0,Punishment
774,309,1,Male,-91.02564103,Punishment
774,310,2,Male,-90,Punishment
774,311,3,Male,-94.44444444,Punishment
774,312,4,Male,-80,Punishment
774,313,5,Male,-75,Punishment
774,314,6,Male,-77.38095238,Punishment
774,315,7,Male,-62.5,Punishment
774,316,8,Male,-48.58525689,Punishment
774,317,9,Male,-68.90343699,Punishment
774,318,10,Male,-52,Punishment
774,319,11,Male,-51.66666667,Punishment
786,320,1,Male,-66.66666667,Punishment
786,321,2,Male,-,Punishment
786,322,3,Male,-7.272727273,Punishment
786,323,4,Male,-37.5,Punishment
786,324,5,Male,-,Punishment
786,325,6,Male,-,Punishment
786,326,7,Male,-,Punishment
799,327,1,Male,-85.71428571,Punishment
799,328,2,Male,-63.33333333,Punishment
799,329,3,Male,-75,Punishment
799,330,4,Male,-,Punishment
799,331,5,Male,-50,Punishment
799,332,6,Male,-33.33333333,Punishment
799,333,7,Male,-,Punishment
799,334,8,Male,-,Punishment
820,335,1,Male,-94.73684211,Punishment
820,336,2,Male,-72.38095238,Punishment
820,337,3,Male,-,Punishment
820,338,4,Male,-25,Punishment
820,339,5,Male,-33.33333333,Punishment
820,340,6,Male,-,Punishment
820,341,7,Male,-27.27272727,Punishment
852,342,1,Male,-80,Punishment
852,343,2,Male,-60,Punishment
852,344,3,Male,-,Punishment
852,345,4,Male,-73.91304348,Punishment
852,346,5,Male,-,Punishment
852,347,6,Male,-76.19047619,Punishment
852,348,7,Male,-,Punishment
852,349,8,Male,-,Punishment
852,350,9,Male,-,Punishment
859,351,1,Male,-80,Punishment
859,352,2,Male,-,Punishment
859,353,3,Male,-61.66666667,Punishment
859,354,4,Male,-78.94736842,Punishment
859,355,5,Male,-53.63636364,Punishment
859,356,6,Male,-66.66666667,Punishment
859,357,7,Male,-,Punishment
208,1,1,Female,-96.66295884,Punishment
208,2,2,Female,-92.42424242,Punishment
208,3,3,Female,-91.57848325,Punishment
208,4,4,Female,-89.25925926,Punishment
208,5,5,Female,-96.36363636,Punishment
208,6,6,Female,-77.66531714,Punishment
208,7,7,Female,-73.07692308,Punishment
208,8,8,Female,-53.56037152,Punishment
208,9,9,Female,-59.18367347,Punishment
301,10,1,Female,-90,Punishment
301,11,2,Female,-,Punishment
301,12,3,Female,-41.66666667,Punishment
301,13,4,Female,-50,Punishment
301,14,5,Female,-42.85714286,Punishment
301,15,6,Female,-18.18181818,Punishment
301,16,7,Female,-20,Punishment
301,17,8,Female,-,Punishment
303,18,1,Female,-47.36842105,Punishment
303,19,2,Female,-66.66666667,Punishment
303,20,3,Female,-51.04895105,Punishment
303,21,4,Female,-,Punishment
303,22,5,Female,-36.11111111,Punishment
303,23,6,Female,-33.33333333,Punishment
303,24,7,Female,-22.37762238,Punishment
304,25,1,Female,-76.55172414,Punishment
304,26,2,Female,-83.33333333,Punishment
304,27,3,Female,-63.63636364,Punishment
304,28,4,Female,-62.08333333,Punishment
304,29,5,Female,-88.88888889,Punishment
304,30,6,Female,-41.66666667,Punishment
304,31,7,Female,-31.25,Punishment
304,32,8,Female,-20,Punishment
304,33,9,Female,0,Punishment
307,34,1,Female,-85.44061303,Punishment
307,35,2,Female,-42.85714286,Punishment
307,36,3,Female,-33.42245989,Punishment
307,37,4,Female,-21.64502165,Punishment
307,38,5,Female,-37.56157635,Punishment
307,39,6,Female,-23.06878307,Punishment
307,40,7,Female,-13.33333333,Punishment
307,41,8,Female,-5.681818182,Punishment
307,42,9,Female,-0.240867122,Punishment
313,43,1,Female,-26.2962963,Punishment
313,44,2,Female,-50,Punishment
313,45,3,Female,-16.48351648,Punishment
313,46,4,Female,-11.66666667,Punishment
313,47,5,Female,-15.78947368,Punishment
313,48,6,Female,-9.134615385,Punishment
313,49,7,Female,-3.110047847,Punishment
313,50,8,Female,-3.846153846,Punishment
313,51,9,Female,0,Punishment
313,52,10,Female,0,Punishment
313,53,11,Female,0,Punishment
315,54,1,Female,-,Punishment
315,55,2,Female,-83.33333333,Punishment
315,56,3,Female,-,Punishment
315,57,4,Female,-42.85714286,Punishment
315,58,5,Female,-58.33333333,Punishment
315,59,6,Female,-20,Punishment
315,60,7,Female,-18.18181818,Punishment
315,61,8,Female,7.692307692,Punishment
324,62,1,Female,-97.2972973,Punishment
324,63,2,Female,-91.30434783,Punishment
324,64,3,Female,-81.81818182,Punishment
324,65,4,Female,-68.75,Punishment
324,66,5,Female,-61.53846154,Punishment
324,67,6,Female,-62.5,Punishment
324,68,7,Female,-50.90909091,Punishment
324,69,8,Female,-21,Punishment
324,70,9,Female,-33.33333333,Punishment
335,71,1,Female,-100,Punishment
335,72,2,Female,-78.57142857,Punishment
335,73,3,Female,-70.90909091,Punishment
335,74,4,Female,-42.63157895,Punishment
335,75,5,Female,-33.33333333,Punishment
335,76,6,Female,-6.617647059,Punishment
335,77,7,Female,-31.57894737,Punishment
335,78,8,Female,-17.46031746,Punishment
357,79,1,Female,-,Punishment
357,80,2,Female,-77.77777778,Punishment
357,81,3,Female,-38.33333333,Punishment
357,82,4,Female,-40.90909091,Punishment
357,83,5,Female,-40,Punishment
357,84,6,Female,-53.84615385,Punishment
357,85,7,Female,-20,Punishment
357,86,8,Female,-25,Punishment
358,87,1,Female,-92.10526316,Punishment
358,88,2,Female,-57.29688102,Punishment
358,89,3,Female,-34.375,Punishment
358,90,4,Female,-47.36842105,Punishment
358,91,5,Female,-23.91304348,Punishment
358,92,6,Female,-30.71428571,Punishment
358,93,7,Female,-5.714285714,Punishment
358,94,8,Female,0,Punishment
360,95,1,Female,-,Punishment
360,96,2,Female,-70,Punishment
360,97,3,Female,-85.71428571,Punishment
360,98,4,Female,-70.83333333,Punishment
360,99,5,Female,-50,Punishment
360,100,6,Female,-43.75,Punishment
360,101,7,Female,-50,Punishment
360,102,8,Female,-20,Punishment
360,103,9,Female,-14.77272727,Punishment
360,104,10,Female,-27.27272727,Punishment
360,105,11,Female,0,Punishment
362,106,1,Female,-100,Punishment
362,107,2,Female,-,Punishment
362,108,3,Female,-100,Punishment
362,109,4,Female,-93.15789474,Punishment
362,110,5,Female,-94.87179487,Punishment
362,111,6,Female,-83.33333333,Punishment
362,112,7,Female,-85.71428571,Punishment
362,113,8,Female,-78.28863346,Punishment
362,114,9,Female,-71.42857143,Punishment
362,115,10,Female,-76.92307692,Punishment
362,116,11,Female,-68.75,Punishment
362,117,12,Female,-66.66666667,Punishment
362,118,13,Female,-,Punishment
362,119,14,Female,-80,Punishment
362,120,15,Female,-,Punishment
362,121,16,Female,-,Punishment
362,122,17,Female,-60,Punishment
362,123,18,Female,-,Punishment
362,124,19,Female,-,Punishment
362,125,20,Female,-,Punishment
365,126,1,Female,-100,Punishment
365,127,2,Female,-94.11764706,Punishment
365,128,3,Female,-85,Punishment
365,129,4,Female,-67.5,Punishment
365,130,5,Female,-,Punishment
365,131,6,Female,-90,Punishment
365,132,7,Female,-22.22222222,Punishment
365,133,8,Female,-57.14285714,Punishment
365,134,9,Female,-37.5,Punishment
375,135,1,Female,-100,Punishment
375,136,2,Female,-91.66666667,Punishment
375,137,3,Female,-80,Punishment
375,138,4,Female,-30.35714286,Punishment
375,139,5,Female,-31.25,Punishment
375,140,6,Female,-,Punishment
375,141,7,Female,-20,Punishment
375,142,8,Female,9.090909091,Punishment
375,143,9,Female,-,Punishment
379,144,1,Female,-100,Punishment
379,145,2,Female,-94.44444444,Punishment
379,146,3,Female,-91.66666667,Punishment
379,147,4,Female,-88.88888889,Punishment
379,148,5,Female,-,Punishment
379,149,6,Female,-73.33333333,Punishment
379,150,7,Female,-64.85714286,Punishment
379,151,8,Female,-30,Punishment
380,152,1,Female,-81.54121864,Punishment
380,153,2,Female,-81.17948718,Punishment
380,154,3,Female,-91.62393162,Punishment
380,155,4,Female,-84.7605225,Punishment
380,156,5,Female,-72.83653846,Punishment
380,157,6,Female,-64.160401,Punishment
380,158,7,Female,-55.35714286,Punishment
380,159,8,Female,-52.98350298,Punishment
391,160,1,Female,-100,Punishment
391,161,2,Female,-80.56680162,Punishment
391,162,3,Female,-,Punishment
391,163,4,Female,-83.33333333,Punishment
391,164,5,Female,-63.57142857,Punishment
391,165,6,Female,-52.94117647,Punishment
391,166,7,Female,-64.40217391,Punishment
391,167,8,Female,-38.46153846,Punishment
391,168,9,Female,-32.15053763,Punishment
391,169,10,Female,-37.5,Punishment
391,170,11,Female,-31.57894737,Punishment
391,171,12,Female,-30,Punishment
391,172,13,Female,-34.73684211,Punishment
391,173,14,Female,-37.5,Punishment
391,174,15,Female,-,Punishment
391,175,16,Female,-,Punishment
391,176,17,Female,-22.22222222,Punishment
399,177,1,Female,-91.66666667,Punishment
399,178,2,Female,-75.64102564,Punishment
399,179,3,Female,-41.66666667,Punishment
399,180,4,Female,-61.9047619,Punishment
399,181,5,Female,-35.29411765,Punishment
399,182,6,Female,-40,Punishment
399,183,7,Female,-7.692307692,Punishment
399,184,8,Female,-28.57142857,Punishment
427,185,1,Female,-100,Punishment
427,186,2,Female,-91.66666667,Punishment
427,187,3,Female,-81.16883117,Punishment
427,188,4,Female,-80.15873016,Punishment
427,189,5,Female,-60,Punishment
427,190,6,Female,-71.42857143,Punishment
427,191,7,Female,-75,Punishment
427,192,8,Female,-,Punishment
437,193,1,Female,-100,Punishment
437,194,2,Female,-,Punishment
437,195,3,Female,-88.88888889,Punishment
437,196,4,Female,-69.23076923,Punishment
437,197,5,Female,-60,Punishment
437,198,6,Female,-41.66666667,Punishment
437,199,7,Female,-27.27272727,Punishment
437,200,8,Female,0,Punishment
486,201,1,Female,-92.30769231,Punishment
486,202,2,Female,-,Punishment
486,203,3,Female,-69.23076923,Punishment
486,204,4,Female,-76.19047619,Punishment
486,205,5,Female,-44.44444444,Punishment
486,206,6,Female,-65.58441558,Punishment
486,207,7,Female,-38.46153846,Punishment
486,208,8,Female,6.15942029,Punishment
486,209,9,Female,-7.5,Punishment
486,210,10,Female,-17.94871795,Punishment
517,211,1,Female,-73.93162393,Punishment
517,212,2,Female,-52.35294118,Punishment
517,213,3,Female,-45.45454545,Punishment
517,214,4,Female,-45.23809524,Punishment
517,215,5,Female,-25.64102564,Punishment
517,216,6,Female,-39.13043478,Punishment
517,217,7,Female,-31.57894737,Punishment
517,218,8,Female,-66.66666667,Punishment
517,219,9,Female,-18.97435897,Punishment
555,220,1,Female,-100,Punishment
555,221,2,Female,-100,Punishment
555,222,3,Female,-91.66666667,Punishment
555,223,4,Female,-90.90909091,Punishment
555,224,5,Female,-71.42857143,Punishment
555,225,6,Female,-70.23809524,Punishment
555,226,7,Female,-46,Punishment
555,227,8,Female,-47.5,Punishment
555,228,9,Female,-42.85714286,Punishment
639,229,1,Female,-63.34867664,Punishment
639,230,2,Female,-64.375,Punishment
639,231,3,Female,-59.09494232,Punishment
639,232,4,Female,-47.48453054,Punishment
639,233,5,Female,-49.92150706,Punishment
639,234,6,Female,-23.61673414,Punishment
639,235,7,Female,-27.36396075,Punishment
639,236,8,Female,-24.33333333,Punishment
705,237,1,Female,-96.55172414,Punishment
705,238,2,Female,-92.59259259,Punishment
705,239,3,Female,-62.5,Punishment
705,240,4,Female,-66.64335664,Punishment
705,241,5,Female,-52.77777778,Punishment
705,242,6,Female,-37.93103448,Punishment
705,243,7,Female,-11.35902637,Punishment
705,244,8,Female,6.988742964,Punishment
707,245,1,Female,-100,Punishment
707,246,2,Female,-97.05882353,Punishment
707,247,3,Female,-94.87179487,Punishment
707,248,4,Female,-94.44444444,Punishment
707,249,5,Female,-88.88888889,Punishment
707,250,6,Female,-94.11255411,Punishment
707,251,7,Female,-92.59259259,Punishment
707,252,8,Female,-,Punishment
707,253,9,Female,-93.33333333,Punishment
707,254,10,Female,-97.5,Punishment
707,255,11,Female,-78.75862069,Punishment
707,256,12,Female,-78.03921569,Punishment
707,257,13,Female,-69.23076923,Punishment
707,258,14,Female,-56.73076923,Punishment
707,259,15,Female,-90,Punishment
707,260,16,Female,-,Punishment
707,261,17,Female,-50,Punishment
707,262,18,Female,-40.10989011,Punishment
707,263,19,Female,-40,Punishment
707,264,20,Female,-,Punishment
707,265,21,Female,-,Punishment
707,266,22,Female,-12.5,Punishment
707,267,23,Female,0,Punishment
712,268,1,Female,-90.53156146,Punishment
712,269,2,Female,-78.29059829,Punishment
712,270,3,Female,-70.90909091,Punishment
712,271,4,Female,-73.34777898,Punishment
712,272,5,Female,-73.5483871,Punishment
712,273,6,Female,-29.8245614,Punishment
712,274,7,Female,-27.08333333,Punishment
712,275,8,Female,-32.32323232,Punishment
712,276,9,Female,-,Punishment
714,277,1,Female,-97.05882353,Punishment
714,278,2,Female,-100,Punishment
714,279,3,Female,-74.6031746,Punishment
714,280,4,Female,-,Punishment
714,281,5,Female,-,Punishment
714,282,6,Female,-55.55555556,Punishment
714,283,7,Female,-37.5,Punishment
714,284,8,Female,-,Punishment
730,285,1,Female,-92.85714286,Punishment
730,286,2,Female,-67.77777778,Punishment
730,287,3,Female,-46.82539683,Punishment
730,288,4,Female,-36.80555556,Punishment
730,289,5,Female,-48.25174825,Punishment
730,290,6,Female,-14.52991453,Punishment
730,291,7,Female,-22.61904762,Punishment
730,292,8,Female,-0.434782609,Punishment
732,293,1,Female,-,Punishment
732,294,2,Female,-83.33333333,Punishment
732,295,3,Female,-100,Punishment
732,296,4,Female,-,Punishment
732,297,5,Female,-44.44444444,Punishment
732,298,6,Female,-,Punishment
732,299,7,Female,-37.5,Punishment
732,300,8,Female,-20,Punishment
765,301,1,Female,-49.25373134,Punishment
765,302,2,Female,-47.61904762,Punishment
765,303,3,Female,0,Punishment
765,304,4,Female,-38.88888889,Punishment
765,305,5,Female,-28,Punishment
765,306,6,Female,0,Punishment
765,307,7,Female,0,Punishment
765,308,8,Female,0,Punishment
774,309,1,Female,-93.93939394,Punishment
774,310,2,Female,-81.25,Punishment
774,311,3,Female,-72.30769231,Punishment
774,312,4,Female,-82.38095238,Punishment
774,313,5,Female,-86.15384615,Punishment
774,314,6,Female,-72.1974307,Punishment
774,315,7,Female,-,Punishment
774,316,8,Female,-72.08857299,Punishment
774,317,9,Female,-49.75579976,Punishment
774,318,10,Female,-55.38461538,Punishment
774,319,11,Female,-27.27272727,Punishment
786,320,1,Female,-,Punishment
786,321,2,Female,-27.77777778,Punishment
786,322,3,Female,-66.66666667,Punishment
786,323,4,Female,-27.35042735,Punishment
786,324,5,Female,-,Punishment
786,325,6,Female,-14.28571429,Punishment
786,326,7,Female,-,Punishment
799,327,1,Female,-84.61538462,Punishment
799,328,2,Female,-,Punishment
799,329,3,Female,-87.5,Punishment
799,330,4,Female,-51.42857143,Punishment
799,331,5,Female,-52.02020202,Punishment
799,332,6,Female,-66.66666667,Punishment
799,333,7,Female,-40,Punishment
799,334,8,Female,-,Punishment
820,335,1,Female,-90,Punishment
820,336,2,Female,-70,Punishment
820,337,3,Female,-70.45454545,Punishment
820,338,4,Female,-,Punishment
820,339,5,Female,-,Punishment
820,340,6,Female,-50,Punishment
820,341,7,Female,-19.48051948,Punishment
852,342,1,Female,-100,Punishment
852,343,2,Female,-95,Punishment
852,344,3,Female,-78.57142857,Punishment
852,345,4,Female,-72.74959083,Punishment
852,346,5,Female,-68.18181818,Punishment
852,347,6,Female,-61.01364522,Punishment
852,348,7,Female,-71.42857143,Punishment
852,349,8,Female,-60,Punishment
852,350,9,Female,-19.31818182,Punishment
859,351,1,Female,-94.11764706,Punishment
859,352,2,Female,-71.42857143,Punishment
859,353,3,Female,-95.45454545,Punishment
859,354,4,Female,-73.10606061,Punishment
859,355,5,Female,-76.92307692,Punishment
859,356,6,Female,-64.66165414,Punishment
859,357,7,Female,-50,Punishment
208,358,1,Male,-5.111111111,Relief
208,359,2,Male,-22.22222222,Relief
208,360,3,Male,-15.17027864,Relief
208,361,4,Male,-4.391891892,Relief
208,362,5,Male,-6.060606061,Relief
208,363,6,Male,-,Relief
208,364,7,Male,0,Relief
208,365,8,Male,0,Relief
208,366,9,Male,0,Relief
208,367,10,Male,0.956937799,Relief
208,368,11,Male,11.11111111,Relief
208,369,12,Male,15.82608696,Relief
208,370,13,Male,5.833333333,Relief
208,371,14,Male,12.24961479,Relief
208,372,15,Male,18.73015873,Relief
208,373,16,Male,5.022488756,Relief
208,374,17,Male,-4.166666667,Relief
208,375,18,Male,6.25,Relief
208,376,19,Male,22.72727273,Relief
208,377,20,Male,13.33333333,Relief
208,378,21,Male,-,Relief
208,379,22,Male,41.30211014,Relief
208,380,23,Male,56.62020906,Relief
208,381,24,Male,65.94202899,Relief
301,382,1,Male,-16.07142857,Relief
301,383,2,Male,-,Relief
301,384,3,Male,-,Relief
301,385,4,Male,-,Relief
301,386,5,Male,-,Relief
301,387,6,Male,-16.66666667,Relief
301,388,7,Male,-,Relief
301,389,8,Male,-,Relief
301,390,9,Male,-,Relief
301,391,10,Male,-,Relief
301,392,11,Male,0,Relief
301,393,12,Male,-,Relief
301,394,13,Male,-,Relief
301,395,14,Male,-,Relief
301,396,15,Male,-,Relief
301,397,16,Male,23.52941176,Relief
301,398,17,Male,-,Relief
301,399,18,Male,-12.72727273,Relief
301,400,19,Male,-,Relief
301,401,20,Male,-,Relief
301,402,21,Male,-,Relief
301,403,22,Male,14.28571429,Relief
301,404,23,Male,33.33333333,Relief
301,405,24,Male,-,Relief
303,406,1,Male,-50,Relief
303,407,2,Male,-,Relief
303,408,3,Male,-32.5,Relief
303,409,4,Male,-37.77777778,Relief
303,410,5,Male,-0.892857143,Relief
303,411,6,Male,-14.28571429,Relief
303,412,7,Male,-,Relief
303,413,8,Male,-6.666666667,Relief
303,414,9,Male,20,Relief
303,415,10,Male,-,Relief
303,416,11,Male,-,Relief
303,417,12,Male,-10.83916084,Relief
303,418,13,Male,30,Relief
303,419,14,Male,-,Relief
303,420,15,Male,16.66666667,Relief
303,421,16,Male,-,Relief
303,422,17,Male,16.66666667,Relief
303,423,18,Male,43.63636364,Relief
303,424,19,Male,4.761904762,Relief
303,425,20,Male,18.84057971,Relief
303,426,21,Male,28.84615385,Relief
303,427,22,Male,27.38095238,Relief
303,428,23,Male,66.66666667,Relief
303,429,24,Male,50,Relief
304,430,1,Male,-40.64171123,Relief
304,431,2,Male,-,Relief
304,432,3,Male,-14.28571429,Relief
304,433,4,Male,-,Relief
304,434,5,Male,0,Relief
304,435,6,Male,-9.090909091,Relief
304,436,7,Male,0,Relief
304,437,8,Male,0,Relief
304,438,9,Male,-,Relief
304,439,10,Male,-,Relief
304,440,11,Male,-,Relief
304,441,12,Male,-,Relief
304,442,13,Male,0,Relief
304,443,14,Male,0,Relief
304,444,15,Male,0,Relief
304,445,16,Male,0,Relief
304,446,17,Male,0,Relief
304,447,18,Male,5.882352941,Relief
304,448,19,Male,9.226190476,Relief
304,449,20,Male,13.33333333,Relief
304,450,21,Male,20,Relief
304,451,22,Male,-,Relief
304,452,23,Male,22.22222222,Relief
304,453,24,Male,40.25974026,Relief
304,454,25,Male,-,Relief
307,455,1,Male,-17.11309524,Relief
307,456,2,Male,-10.47619048,Relief
307,457,3,Male,-7.142857143,Relief
307,458,4,Male,-7.692307692,Relief
307,459,5,Male,-12.38390093,Relief
307,460,6,Male,-1.515151515,Relief
307,461,7,Male,-7.692307692,Relief
307,462,8,Male,2.222222222,Relief
307,463,9,Male,0,Relief
307,464,10,Male,0,Relief
307,465,11,Male,0,Relief
307,466,12,Male,10,Relief
307,467,13,Male,17.30769231,Relief
307,468,14,Male,0,Relief
307,469,15,Male,10,Relief
307,470,16,Male,0,Relief
307,471,17,Male,9.523809524,Relief
307,472,18,Male,5.263157895,Relief
307,473,19,Male,11.11111111,Relief
307,474,20,Male,18.18181818,Relief
307,475,21,Male,-,Relief
307,476,22,Male,-5.263157895,Relief
307,477,23,Male,10.71428571,Relief
307,478,24,Male,25,Relief
307,479,25,Male,9.523809524,Relief
313,480,1,Male,-22.22222222,Relief
313,481,2,Male,-14.41176471,Relief
313,482,3,Male,0,Relief
313,483,4,Male,-,Relief
313,484,5,Male,-,Relief
313,485,6,Male,0,Relief
313,486,7,Male,-5.387205387,Relief
313,487,8,Male,0,Relief
313,488,9,Male,0.606060606,Relief
313,489,10,Male,0,Relief
313,490,11,Male,0,Relief
313,491,12,Male,-,Relief
313,492,13,Male,-,Relief
313,493,14,Male,0,Relief
313,494,15,Male,3.448275862,Relief
313,495,16,Male,1.587301587,Relief
313,496,17,Male,1.025641026,Relief
313,497,18,Male,-1.503759398,Relief
313,498,19,Male,-7.692307692,Relief
313,499,20,Male,2.380952381,Relief
313,500,21,Male,20.87912088,Relief
315,501,1,Male,-53.33333333,Relief
315,502,2,Male,-19.23076923,Relief
315,503,3,Male,-,Relief
315,504,4,Male,-25,Relief
315,505,5,Male,0,Relief
315,506,6,Male,0,Relief
315,507,7,Male,-20,Relief
315,508,8,Male,-4.347826087,Relief
315,509,9,Male,0,Relief
315,510,10,Male,0,Relief
315,511,11,Male,0,Relief
315,512,12,Male,-,Relief
315,513,13,Male,0,Relief
315,514,14,Male,20.23809524,Relief
315,515,15,Male,-2.380952381,Relief
315,516,16,Male,-,Relief
315,517,17,Male,0,Relief
315,518,18,Male,12.5,Relief
315,519,19,Male,-,Relief
315,520,20,Male,18.51851852,Relief
315,521,21,Male,-,Relief
315,522,22,Male,-,Relief
315,523,23,Male,-,Relief
315,524,24,Male,-,Relief
324,525,1,Male,-,Relief
324,526,2,Male,-20,Relief
324,527,3,Male,-13.39130435,Relief
324,528,4,Male,-13.44537815,Relief
324,529,5,Male,-,Relief
324,530,6,Male,-,Relief
324,531,7,Male,-,Relief
324,532,8,Male,-2.652519894,Relief
324,533,9,Male,-12.30769231,Relief
324,534,10,Male,0.904977376,Relief
324,535,11,Male,-,Relief
324,536,12,Male,6.666666667,Relief
324,537,13,Male,-,Relief
324,538,14,Male,31.11111111,Relief
324,539,15,Male,0,Relief
324,540,16,Male,7.142857143,Relief
324,541,17,Male,9.090909091,Relief
324,542,18,Male,12.74509804,Relief
324,543,19,Male,-,Relief
324,544,20,Male,24.87922705,Relief
324,545,21,Male,10.87962963,Relief
324,546,22,Male,-,Relief
324,547,23,Male,-,Relief
324,548,24,Male,7.954545455,Relief
335,549,1,Male,-,Relief
335,550,2,Male,0,Relief
335,551,3,Male,27.97202797,Relief
335,552,4,Male,0,Relief
335,553,5,Male,-5.555555556,Relief
335,554,6,Male,0,Relief
335,555,7,Male,0,Relief
335,556,8,Male,-,Relief
335,557,9,Male,0,Relief
335,558,10,Male,-20.90909091,Relief
335,559,11,Male,-15.38461538,Relief
335,560,12,Male,10,Relief
335,561,13,Male,9.523809524,Relief
335,562,14,Male,3.174603175,Relief
335,563,15,Male,-4.736842105,Relief
335,564,16,Male,19.04761905,Relief
335,565,17,Male,6.666666667,Relief
335,566,18,Male,8.653846154,Relief
335,567,19,Male,-,Relief
335,568,20,Male,26.20772947,Relief
335,569,21,Male,34.48275862,Relief
335,570,22,Male,-,Relief
335,571,23,Male,33.33333333,Relief
335,572,24,Male,-,Relief
357,573,1,Male,-,Relief
357,574,2,Male,-35.29411765,Relief
357,575,3,Male,-36.36363636,Relief
357,576,4,Male,-27.14285714,Relief
357,577,5,Male,-,Relief
357,578,6,Male,-,Relief
357,579,7,Male,-11.96911197,Relief
357,580,8,Male,-,Relief
357,581,9,Male,20,Relief
357,582,10,Male,3.333333333,Relief
357,583,11,Male,0,Relief
357,584,12,Male,21.42857143,Relief
357,585,13,Male,-,Relief
357,586,14,Male,1.547987616,Relief
357,587,15,Male,-,Relief
357,588,16,Male,17.30769231,Relief
357,589,17,Male,0,Relief
357,590,18,Male,-,Relief
357,591,19,Male,-,Relief
357,592,20,Male,-,Relief
357,593,21,Male,-,Relief
357,594,22,Male,-,Relief
357,595,23,Male,-,Relief
357,596,24,Male,60,Relief
358,597,1,Male,-84.84848485,Relief
358,598,2,Male,-,Relief
358,599,3,Male,-,Relief
358,600,4,Male,-10.19607843,Relief
358,601,5,Male,-3.917050691,Relief
358,602,6,Male,-,Relief
358,603,7,Male,0,Relief
358,604,8,Male,0,Relief
358,605,9,Male,0.576923077,Relief
358,606,10,Male,-,Relief
358,607,11,Male,-,Relief
358,608,12,Male,9.206349206,Relief
358,609,13,Male,-,Relief
358,610,14,Male,23.80952381,Relief
358,611,15,Male,16.96969697,Relief
358,612,16,Male,23.80952381,Relief
358,613,17,Male,11.11111111,Relief
358,614,18,Male,16.66666667,Relief
358,615,19,Male,4.861111111,Relief
358,616,20,Male,33.01435407,Relief
358,617,21,Male,55.55555556,Relief
358,618,22,Male,47.06896552,Relief
358,619,23,Male,-,Relief
360,620,1,Male,-,Relief
360,621,2,Male,-,Relief
360,622,3,Male,-7.692307692,Relief
360,623,4,Male,-11.96581197,Relief
360,624,5,Male,-,Relief
360,625,6,Male,-,Relief
360,626,7,Male,14.28571429,Relief
360,627,8,Male,-,Relief
360,628,9,Male,7.352941176,Relief
360,629,10,Male,0,Relief
360,630,11,Male,-,Relief
360,631,12,Male,0,Relief
360,632,13,Male,-,Relief
360,633,14,Male,-,Relief
360,634,15,Male,-0.882352941,Relief
360,635,16,Male,-,Relief
360,636,17,Male,0,Relief
360,637,18,Male,-,Relief
360,638,19,Male,-,Relief
360,639,20,Male,-,Relief
360,640,21,Male,-,Relief
360,641,22,Male,-,Relief
360,642,23,Male,37.5,Relief
362,643,1,Male,9.090909091,Relief
362,644,2,Male,-8.808933002,Relief
362,645,3,Male,-3.921568627,Relief
362,646,4,Male,-,Relief
362,647,5,Male,0,Relief
362,648,6,Male,-,Relief
362,649,7,Male,-,Relief
362,650,8,Male,0,Relief
362,651,9,Male,-,Relief
362,652,10,Male,0,Relief
362,653,11,Male,0,Relief
362,654,12,Male,-1.19047619,Relief
362,655,13,Male,-6.25,Relief
362,656,14,Male,11.11111111,Relief
362,657,15,Male,8.768768769,Relief
362,658,16,Male,9.523809524,Relief
362,659,17,Male,-7.070707071,Relief
362,660,18,Male,36.66666667,Relief
362,661,19,Male,-,Relief
362,662,20,Male,-,Relief
362,663,21,Male,-,Relief
362,664,22,Male,33.33333333,Relief
362,665,23,Male,37.24456163,Relief
362,666,24,Male,31.11111111,Relief
365,667,1,Male,-20,Relief
365,668,2,Male,-31.66666667,Relief
365,669,3,Male,-,Relief
365,670,4,Male,-16.66666667,Relief
365,671,5,Male,0,Relief
365,672,6,Male,-,Relief
365,673,7,Male,-,Relief
365,674,8,Male,0,Relief
365,675,9,Male,-,Relief
365,676,10,Male,0.997340426,Relief
365,677,11,Male,0,Relief
365,678,12,Male,0,Relief
365,679,13,Male,5.454545455,Relief
365,680,14,Male,-,Relief
365,681,15,Male,-,Relief
365,682,16,Male,-,Relief
365,683,17,Male,-,Relief
365,684,18,Male,-,Relief
365,685,19,Male,8.035714286,Relief
365,686,20,Male,16.16161616,Relief
365,687,21,Male,5,Relief
365,688,22,Male,-,Relief
365,689,23,Male,-,Relief
365,690,24,Male,13.07189542,Relief
375,691,1,Male,-,Relief
375,692,2,Male,-,Relief
375,693,3,Male,-7.692307692,Relief
375,694,4,Male,0,Relief
375,695,5,Male,-,Relief
375,696,6,Male,-,Relief
375,697,7,Male,0,Relief
375,698,8,Male,-,Relief
375,699,9,Male,-,Relief
375,700,10,Male,-,Relief
375,701,11,Male,-,Relief
375,702,12,Male,0,Relief
375,703,13,Male,-,Relief
375,704,14,Male,-,Relief
375,705,15,Male,-7.692307692,Relief
375,706,16,Male,5.263157895,Relief
375,707,17,Male,-,Relief
375,708,18,Male,-,Relief
375,709,19,Male,-,Relief
375,710,20,Male,-,Relief
375,711,21,Male,7.692307692,Relief
375,712,22,Male,28.33333333,Relief
375,713,23,Male,10.90225564,Relief
375,714,24,Male,17.64705882,Relief
375,715,25,Male,-,Relief
379,716,1,Male,-,Relief
379,717,2,Male,-,Relief
379,718,3,Male,-57.14285714,Relief
379,719,4,Male,-,Relief
379,720,5,Male,-19.60784314,Relief
379,721,6,Male,-2.564102564,Relief
379,722,7,Male,-28.40909091,Relief
379,723,8,Male,10,Relief
379,724,9,Male,-,Relief
379,725,10,Male,13.33333333,Relief
379,726,11,Male,7.619047619,Relief
379,727,12,Male,-,Relief
379,728,13,Male,-1.19047619,Relief
379,729,14,Male,20,Relief
379,730,15,Male,-,Relief
379,731,16,Male,4.444444444,Relief
379,732,17,Male,17.84313725,Relief
379,733,18,Male,31.42857143,Relief
379,734,19,Male,-,Relief
379,735,20,Male,-,Relief
379,736,21,Male,-,Relief
379,737,22,Male,26.66666667,Relief
379,738,23,Male,38.46153846,Relief
379,739,24,Male,80,Relief
380,740,1,Male,-41.66666667,Relief
380,741,2,Male,-41.66666667,Relief
380,742,3,Male,-20.74519231,Relief
380,743,4,Male,-21.81818182,Relief
380,744,5,Male,-18.05555556,Relief
380,745,6,Male,-12.24137931,Relief
380,746,7,Male,-15.68627451,Relief
380,747,8,Male,-28.57142857,Relief
380,748,9,Male,-15.27777778,Relief
380,749,10,Male,-10.92654116,Relief
380,750,11,Male,-19.23076923,Relief
380,751,12,Male,-5.208333333,Relief
380,752,13,Male,-12.6984127,Relief
380,753,14,Male,-3.198653199,Relief
380,754,15,Male,-,Relief
380,755,16,Male,14.91403439,Relief
380,756,17,Male,4.871794872,Relief
380,757,18,Male,0.227272727,Relief
380,758,19,Male,9.090909091,Relief
380,759,20,Male,4.977375566,Relief
380,760,21,Male,13.63636364,Relief
380,761,22,Male,21.96078431,Relief
380,762,23,Male,15.15151515,Relief
380,763,24,Male,-,Relief
391,764,1,Male,-31.42857143,Relief
391,765,2,Male,-20.83333333,Relief
391,766,3,Male,-,Relief
391,767,4,Male,-,Relief
391,768,5,Male,-,Relief
391,769,6,Male,-,Relief
391,770,7,Male,-,Relief
391,771,8,Male,-,Relief
391,772,9,Male,-,Relief
391,773,10,Male,-,Relief
391,774,11,Male,-,Relief
391,775,12,Male,-,Relief
391,776,13,Male,6.25,Relief
391,777,14,Male,11.5942029,Relief
391,778,15,Male,-,Relief
391,779,16,Male,0,Relief
391,780,17,Male,8.333333333,Relief
391,781,18,Male,11.11111111,Relief
391,782,19,Male,14.44444444,Relief
391,783,20,Male,8.333333333,Relief
391,784,21,Male,-,Relief
391,785,22,Male,13.33333333,Relief
391,786,23,Male,17.33333333,Relief
391,787,24,Male,-,Relief
399,788,1,Male,-,Relief
399,789,2,Male,-23.07692308,Relief
399,790,3,Male,-,Relief
399,791,4,Male,-8.791208791,Relief
399,792,5,Male,10,Relief
399,793,6,Male,-10,Relief
399,794,7,Male,0,Relief
399,795,8,Male,-,Relief
399,796,9,Male,0,Relief
399,797,10,Male,-,Relief
399,798,11,Male,-,Relief
399,799,12,Male,6.666666667,Relief
399,800,13,Male,3.896103896,Relief
399,801,14,Male,0,Relief
399,802,15,Male,0,Relief
399,803,16,Male,5.384615385,Relief
399,804,17,Male,-,Relief
399,805,18,Male,7.625272331,Relief
399,806,19,Male,-,Relief
399,807,20,Male,12.5,Relief
399,808,21,Male,-,Relief
399,809,22,Male,25,Relief
399,810,23,Male,-,Relief
399,811,24,Male,-,Relief
427,812,1,Male,-38.33333333,Relief
427,813,2,Male,-9.243697479,Relief
427,814,3,Male,-,Relief
427,815,4,Male,-,Relief
427,816,5,Male,-19.09722222,Relief
427,817,6,Male,-25,Relief
427,818,7,Male,-11.11111111,Relief
427,819,8,Male,-25,Relief
427,820,9,Male,1.904761905,Relief
427,821,10,Male,-6.944444444,Relief
427,822,11,Male,-,Relief
427,823,12,Male,0,Relief
427,824,13,Male,0,Relief
427,825,14,Male,-,Relief
427,826,15,Male,0,Relief
427,827,16,Male,-16.66666667,Relief
427,828,17,Male,0,Relief
427,829,18,Male,10,Relief
427,830,19,Male,-,Relief
427,831,20,Male,20.83333333,Relief
427,832,21,Male,-6.666666667,Relief
427,833,22,Male,-,Relief
427,834,23,Male,15.90909091,Relief
427,835,24,Male,50,Relief
427,836,25,Male,31.25,Relief
437,837,1,Male,-,Relief
437,838,2,Male,-11.25,Relief
437,839,3,Male,-,Relief
437,840,4,Male,-,Relief
437,841,5,Male,-,Relief
437,842,6,Male,-,Relief
437,843,7,Male,-,Relief
437,844,8,Male,0,Relief
437,845,9,Male,-5.555555556,Relief
437,846,10,Male,0,Relief
437,847,11,Male,0,Relief
437,848,12,Male,-,Relief
437,849,13,Male,0,Relief
437,850,14,Male,29.41176471,Relief
437,851,15,Male,0,Relief
437,852,16,Male,-,Relief
437,853,17,Male,24.0942029,Relief
437,854,18,Male,-,Relief
437,855,19,Male,6.545454545,Relief
437,856,20,Male,-,Relief
437,857,21,Male,15.20467836,Relief
437,858,22,Male,39.82683983,Relief
437,859,23,Male,41.64222874,Relief
486,860,1,Male,-,Relief
486,861,2,Male,8.888888889,Relief
486,862,3,Male,-,Relief
486,863,4,Male,-,Relief
486,864,5,Male,0,Relief
486,865,6,Male,-,Relief
486,866,7,Male,6.944444444,Relief
486,867,8,Male,8.223684211,Relief
486,868,9,Male,5.952380952,Relief
486,869,10,Male,-,Relief
486,870,11,Male,15.45454545,Relief
486,871,12,Male,-,Relief
486,872,13,Male,18.57142857,Relief
486,873,14,Male,0,Relief
486,874,15,Male,22.22222222,Relief
486,875,16,Male,0,Relief
486,876,17,Male,-,Relief
486,877,18,Male,54.16666667,Relief
486,878,19,Male,-,Relief
486,879,20,Male,45.23809524,Relief
486,880,21,Male,43.80952381,Relief
486,881,22,Male,40,Relief
486,882,23,Male,36.92307692,Relief
486,883,24,Male,48.21428571,Relief
486,884,25,Male,-,Relief
517,885,1,Male,-,Relief
517,886,2,Male,-,Relief
517,887,3,Male,-11.28154379,Relief
517,888,4,Male,-8.695652174,Relief
517,889,5,Male,-10.44061303,Relief
517,890,6,Male,-6.25,Relief
517,891,7,Male,-4.545454545,Relief
517,892,8,Male,4,Relief
517,893,9,Male,-0.543478261,Relief
517,894,10,Male,0,Relief
517,895,11,Male,-,Relief
517,896,12,Male,-,Relief
517,897,13,Male,-,Relief
517,898,14,Male,8.333333333,Relief
517,899,15,Male,-5.882352941,Relief
517,900,16,Male,-,Relief
517,901,17,Male,-,Relief
517,902,18,Male,-,Relief
517,903,19,Male,-20,Relief
517,904,20,Male,10,Relief
517,905,21,Male,6.25,Relief
517,906,22,Male,-,Relief
517,907,23,Male,8.429118774,Relief
517,908,24,Male,10.1010101,Relief
517,909,25,Male,10,Relief
555,910,1,Male,-,Relief
555,911,2,Male,-,Relief
555,912,3,Male,-,Relief
555,913,4,Male,-15.38461538,Relief
555,914,5,Male,-,Relief
555,915,6,Male,6.349206349,Relief
555,916,7,Male,-,Relief
555,917,8,Male,-,Relief
555,918,9,Male,-3.409090909,Relief
555,919,10,Male,-11.42857143,Relief
555,920,11,Male,0,Relief
555,921,12,Male,-,Relief
555,922,13,Male,-0.757575758,Relief
555,923,14,Male,-11.9047619,Relief
555,924,15,Male,20,Relief
555,925,16,Male,-3.703703704,Relief
555,926,17,Male,-0.952380952,Relief
555,927,18,Male,-,Relief
555,928,19,Male,2.631578947,Relief
555,929,20,Male,6.111111111,Relief
555,930,21,Male,-19.04761905,Relief
555,931,22,Male,-,Relief
555,932,23,Male,-,Relief
555,933,24,Male,-,Relief
639,934,1,Male,-,Relief
639,935,2,Male,-,Relief
639,936,3,Male,-20.30812325,Relief
639,937,4,Male,-,Relief
639,938,5,Male,-23.01587302,Relief
639,939,6,Male,-31.79824561,Relief
639,940,7,Male,-18.33333333,Relief
639,941,8,Male,-15.94202899,Relief
639,942,9,Male,-1.428571429,Relief
639,943,10,Male,-18.70967742,Relief
639,944,11,Male,-5.555555556,Relief
639,945,12,Male,-4.166666667,Relief
639,946,13,Male,8.173913043,Relief
639,947,14,Male,23.80952381,Relief
639,948,15,Male,-8.823529412,Relief
639,949,16,Male,8.928571429,Relief
639,950,17,Male,6.857142857,Relief
639,951,18,Male,-,Relief
639,952,19,Male,7.894736842,Relief
639,953,20,Male,26.75585284,Relief
639,954,21,Male,13.18181818,Relief
639,955,22,Male,18,Relief
639,956,23,Male,56.81818182,Relief
639,957,24,Male,-,Relief
705,958,1,Male,-28.85714286,Relief
705,959,2,Male,-,Relief
705,960,3,Male,0.592885375,Relief
705,961,4,Male,-5.194805195,Relief
705,962,5,Male,0,Relief
705,963,6,Male,0,Relief
705,964,7,Male,0,Relief
705,965,8,Male,-,Relief
705,966,9,Male,3.125,Relief
705,967,10,Male,-3.448275862,Relief
705,968,11,Male,23.07692308,Relief
705,969,12,Male,14.73684211,Relief
705,970,13,Male,30,Relief
705,971,14,Male,33.33333333,Relief
705,972,15,Male,20.6959707,Relief
705,973,16,Male,12.5,Relief
705,974,17,Male,35.18796992,Relief
705,975,18,Male,23.21428571,Relief
705,976,19,Male,20.83333333,Relief
705,977,20,Male,32.95932679,Relief
705,978,21,Male,20,Relief
705,979,22,Male,25,Relief
705,980,23,Male,16.66666667,Relief
705,981,24,Male,-,Relief
707,982,1,Male,-36.72727273,Relief
707,983,2,Male,-20,Relief
707,984,3,Male,-16.66666667,Relief
707,985,4,Male,-,Relief
707,986,5,Male,0,Relief
707,987,6,Male,-20,Relief
707,988,7,Male,-6.25,Relief
707,989,8,Male,-3.571428571,Relief
707,990,9,Male,-8.333333333,Relief
707,991,10,Male,0,Relief
707,992,11,Male,-28.88888889,Relief
707,993,12,Male,-,Relief
707,994,13,Male,0,Relief
707,995,14,Male,0,Relief
707,996,15,Male,-1.242236025,Relief
707,997,16,Male,3.236654056,Relief
707,998,17,Male,5.909090909,Relief
707,999,18,Male,10,Relief
707,1000,19,Male,-,Relief
707,1001,20,Male,18.42105263,Relief
707,1002,21,Male,-,Relief
707,1003,22,Male,-,Relief
707,1004,23,Male,-,Relief
707,1005,24,Male,-,Relief
707,1006,25,Male,48.95833333,Relief
712,1007,1,Male,-33.33333333,Relief
712,1008,2,Male,7.97979798,Relief
712,1009,3,Male,-11.11111111,Relief
712,1010,4,Male,0,Relief
712,1011,5,Male,9.615384615,Relief
712,1012,6,Male,-,Relief
712,1013,7,Male,0,Relief
712,1014,8,Male,0,Relief
712,1015,9,Male,3.846153846,Relief
712,1016,10,Male,2.02020202,Relief
712,1017,11,Male,0,Relief
712,1018,12,Male,6.25,Relief
712,1019,13,Male,4.347826087,Relief
712,1020,14,Male,12.71929825,Relief
712,1021,15,Male,-,Relief
712,1022,16,Male,10.81081081,Relief
712,1023,17,Male,3.921568627,Relief
712,1024,18,Male,11.02756892,Relief
712,1025,19,Male,-,Relief
712,1026,20,Male,25,Relief
712,1027,21,Male,3.333333333,Relief
712,1028,22,Male,19.27899687,Relief
712,1029,23,Male,45,Relief
712,1030,24,Male,44.44444444,Relief
714,1031,1,Male,-,Relief
714,1032,2,Male,-,Relief
714,1033,3,Male,-45.71428571,Relief
714,1034,4,Male,-2.608695652,Relief
714,1035,5,Male,-23.93162393,Relief
714,1036,6,Male,-16.66666667,Relief
714,1037,7,Male,-,Relief
714,1038,8,Male,0,Relief
714,1039,9,Male,-,Relief
714,1040,10,Male,0,Relief
714,1041,11,Male,-,Relief
714,1042,12,Male,-,Relief
714,1043,13,Male,0,Relief
714,1044,14,Male,-,Relief
714,1045,15,Male,0,Relief
714,1046,16,Male,17.71428571,Relief
714,1047,17,Male,36.36363636,Relief
714,1048,18,Male,-,Relief
714,1049,19,Male,7.5,Relief
714,1050,20,Male,-,Relief
714,1051,21,Male,29.16666667,Relief
714,1052,22,Male,16.66666667,Relief
714,1053,23,Male,35,Relief
714,1054,24,Male,-,Relief
730,1055,1,Male,-,Relief
730,1056,2,Male,-,Relief
730,1057,3,Male,-20,Relief
730,1058,4,Male,-12.5,Relief
730,1059,5,Male,-,Relief
730,1060,6,Male,-43.63636364,Relief
730,1061,7,Male,-7.105263158,Relief
730,1062,8,Male,6.666666667,Relief
730,1063,9,Male,-4.411764706,Relief
730,1064,10,Male,-,Relief
730,1065,11,Male,-6.095238095,Relief
730,1066,12,Male,-,Relief
730,1067,13,Male,-3.896103896,Relief
730,1068,14,Male,-,Relief
730,1069,15,Male,0,Relief
730,1070,16,Male,17.5,Relief
730,1071,17,Male,-2.745098039,Relief
730,1072,18,Male,9.523809524,Relief
730,1073,19,Male,31.16883117,Relief
730,1074,20,Male,-,Relief
730,1075,21,Male,-,Relief
730,1076,22,Male,-,Relief
730,1077,23,Male,28.28282828,Relief
730,1078,24,Male,-,Relief
732,1079,1,Male,-23.63636364,Relief
732,1080,2,Male,-,Relief
732,1081,3,Male,0.672268908,Relief
732,1082,4,Male,-,Relief
732,1083,5,Male,-,Relief
732,1084,6,Male,-5.263157895,Relief
732,1085,7,Male,-15,Relief
732,1086,8,Male,-20,Relief
732,1087,9,Male,3.333333333,Relief
732,1088,10,Male,7.5,Relief
732,1089,11,Male,5,Relief
732,1090,12,Male,-11.42857143,Relief
732,1091,13,Male,5.59772296,Relief
732,1092,14,Male,5.555555556,Relief
732,1093,15,Male,11.66666667,Relief
732,1094,16,Male,7.368421053,Relief
732,1095,17,Male,-,Relief
732,1096,18,Male,-,Relief
732,1097,19,Male,22.22222222,Relief
732,1098,20,Male,-,Relief
732,1099,21,Male,-,Relief
732,1100,22,Male,7.948717949,Relief
732,1101,23,Male,19.23076923,Relief
732,1102,24,Male,25.67204301,Relief
732,1103,25,Male,-,Relief
732,1104,26,Male,35.29411765,Relief
765,1105,1,Male,-42.85714286,Relief
765,1106,2,Male,-13.33333333,Relief
765,1107,3,Male,1.435406699,Relief
765,1108,4,Male,-28.57142857,Relief
765,1109,5,Male,0,Relief
765,1110,6,Male,-12.5,Relief
765,1111,7,Male,-9.090909091,Relief
765,1112,8,Male,-,Relief
765,1113,9,Male,0,Relief
765,1114,10,Male,0,Relief
765,1115,11,Male,0,Relief
765,1116,12,Male,0,Relief
765,1117,13,Male,-2.424242424,Relief
765,1118,14,Male,-31.66666667,Relief
765,1119,15,Male,14.28571429,Relief
765,1120,16,Male,7.777777778,Relief
765,1121,17,Male,7.142857143,Relief
765,1122,18,Male,3.846153846,Relief
765,1123,19,Male,1.785714286,Relief
765,1124,20,Male,22.22222222,Relief
765,1125,21,Male,14.81481481,Relief
765,1126,22,Male,-,Relief
765,1127,23,Male,22.22222222,Relief
765,1128,24,Male,-,Relief
774,1129,1,Male,-,Relief
774,1130,2,Male,-12.23719677,Relief
774,1131,3,Male,-,Relief
774,1132,4,Male,-5.714285714,Relief
774,1133,5,Male,-16.66666667,Relief
774,1134,6,Male,-12.5,Relief
774,1135,7,Male,-0.108695652,Relief
774,1136,8,Male,-7.530737705,Relief
774,1137,9,Male,-,Relief
774,1138,10,Male,0,Relief
774,1139,11,Male,0,Relief
774,1140,12,Male,0,Relief
774,1141,13,Male,0,Relief
774,1142,14,Male,-,Relief
774,1143,15,Male,-,Relief
774,1144,16,Male,1.5,Relief
774,1145,17,Male,0,Relief
774,1146,18,Male,0,Relief
774,1147,19,Male,6.25,Relief
774,1148,20,Male,8.333333333,Relief
774,1149,21,Male,6.896551724,Relief
774,1150,22,Male,1.724137931,Relief
774,1151,23,Male,-,Relief
774,1152,24,Male,-,Relief
774,1153,25,Male,-,Relief
774,1154,26,Male,12.5,Relief
786,1155,1,Male,-,Relief
786,1156,2,Male,-,Relief
786,1157,3,Male,-,Relief
786,1158,4,Male,-2.117647059,Relief
786,1159,5,Male,-,Relief
786,1160,6,Male,-,Relief
786,1161,7,Male,-,Relief
786,1162,8,Male,-,Relief
786,1163,9,Male,-,Relief
786,1164,10,Male,-,Relief
786,1165,11,Male,-,Relief
786,1166,12,Male,7.142857143,Relief
786,1167,13,Male,9.090909091,Relief
786,1168,14,Male,9.473684211,Relief
786,1169,15,Male,14.28571429,Relief
786,1170,16,Male,-,Relief
786,1171,17,Male,-,Relief
786,1172,18,Male,12.5,Relief
786,1173,19,Male,18.33333333,Relief
786,1174,20,Male,31.83333333,Relief
786,1175,21,Male,41.66666667,Relief
786,1176,22,Male,16.66666667,Relief
786,1177,23,Male,14.14141414,Relief
786,1178,24,Male,37.5,Relief
799,1179,1,Male,-,Relief
799,1180,2,Male,5.714285714,Relief
799,1181,3,Male,-19.04761905,Relief
799,1182,4,Male,-,Relief
799,1183,5,Male,3.409090909,Relief
799,1184,6,Male,6.666666667,Relief
799,1185,7,Male,-,Relief
799,1186,8,Male,3.174603175,Relief
799,1187,9,Male,5.714285714,Relief
799,1188,10,Male,19.0821256,Relief
799,1189,11,Male,-16.0130719,Relief
799,1190,12,Male,18.45841785,Relief
799,1191,13,Male,-,Relief
799,1192,14,Male,18.88111888,Relief
799,1193,15,Male,0,Relief
799,1194,16,Male,24.35897436,Relief
799,1195,17,Male,50,Relief
799,1196,18,Male,-,Relief
799,1197,19,Male,32.96703297,Relief
799,1198,20,Male,35.08245877,Relief
799,1199,21,Male,57.14285714,Relief
799,1200,22,Male,-,Relief
799,1201,23,Male,57.14285714,Relief
799,1202,24,Male,78.57142857,Relief
820,1203,1,Male,-,Relief
820,1204,2,Male,-13.63636364,Relief
820,1205,3,Male,-37.06004141,Relief
820,1206,4,Male,-19.64285714,Relief
820,1207,5,Male,-,Relief
820,1208,6,Male,-9.473684211,Relief
820,1209,7,Male,-16.28787879,Relief
820,1210,8,Male,6.787330317,Relief
820,1211,9,Male,-,Relief
820,1212,10,Male,-14.28571429,Relief
820,1213,11,Male,-,Relief
820,1214,12,Male,-4.273504274,Relief
820,1215,13,Male,-16.66666667,Relief
820,1216,14,Male,-,Relief
820,1217,15,Male,-,Relief
820,1218,16,Male,18.18181818,Relief
820,1219,17,Male,-,Relief
820,1220,18,Male,21.73913043,Relief
820,1221,19,Male,9.941520468,Relief
820,1222,20,Male,0,Relief
820,1223,21,Male,32.77310924,Relief
820,1224,22,Male,39.28571429,Relief
820,1225,23,Male,28.57142857,Relief
820,1226,24,Male,-,Relief
852,1227,1,Male,-,Relief
852,1228,2,Male,-,Relief
852,1229,3,Male,-,Relief
852,1230,4,Male,-,Relief
852,1231,5,Male,-1.428571429,Relief
852,1232,6,Male,-,Relief
852,1233,7,Male,12.5,Relief
852,1234,8,Male,-,Relief
852,1235,9,Male,-,Relief
852,1236,10,Male,-,Relief
852,1237,11,Male,13.18681319,Relief
852,1238,12,Male,-,Relief
852,1239,13,Male,-,Relief
852,1240,14,Male,3.333333333,Relief
852,1241,15,Male,-10,Relief
852,1242,16,Male,12.5,Relief
852,1243,17,Male,6.666666667,Relief
852,1244,18,Male,-,Relief
852,1245,19,Male,73.21428571,Relief
852,1246,20,Male,-,Relief
852,1247,21,Male,-,Relief
852,1248,22,Male,-,Relief
852,1249,23,Male,3.333333333,Relief
852,1250,24,Male,50,Relief
859,1251,1,Male,-38.88888889,Relief
859,1252,2,Male,-16.66666667,Relief
859,1253,3,Male,-,Relief
859,1254,4,Male,-33.33333333,Relief
859,1255,5,Male,-,Relief
859,1256,6,Male,-31.16883117,Relief
859,1257,7,Male,-,Relief
859,1258,8,Male,-8.333333333,Relief
859,1259,9,Male,-12.27272727,Relief
859,1260,10,Male,1.260504202,Relief
859,1261,11,Male,-13.33333333,Relief
859,1262,12,Male,12.22222222,Relief
859,1263,13,Male,54.54545455,Relief
859,1264,14,Male,0,Relief
859,1265,15,Male,0,Relief
859,1266,16,Male,-4.395604396,Relief
859,1267,17,Male,5.263157895,Relief
859,1268,18,Male,-,Relief
859,1269,19,Male,2.564102564,Relief
859,1270,20,Male,25.71428571,Relief
859,1271,21,Male,-,Relief
859,1272,22,Male,-,Relief
859,1273,23,Male,-,Relief
859,1274,24,Male,33.33333333,Relief
208,358,1,Female,-20.91666667,Relief
208,359,2,Female,-6.25,Relief
208,360,3,Female,-0.545454545,Relief
208,361,4,Female,4.166666667,Relief
208,362,5,Female,1.405405405,Relief
208,363,6,Female,0,Relief
208,364,7,Female,-,Relief
208,365,8,Female,0,Relief
208,366,9,Female,3.344481605,Relief
208,367,10,Female,1.58045977,Relief
208,368,11,Female,-0.501253133,Relief
208,369,12,Female,3.896103896,Relief
208,370,13,Female,11.30811663,Relief
208,371,14,Female,8.268398268,Relief
208,372,15,Female,9.007092199,Relief
208,373,16,Female,19.43076081,Relief
208,374,17,Female,29.92610837,Relief
208,375,18,Female,21.65517241,Relief
208,376,19,Female,21.58385093,Relief
208,377,20,Female,31.52492669,Relief
208,378,21,Female,33.92857143,Relief
208,379,22,Female,24.47570332,Relief
208,380,23,Female,68.261563,Relief
208,381,24,Female,84.61538462,Relief
301,382,1,Female,-32.14285714,Relief
301,383,2,Female,-,Relief
301,384,3,Female,-7.142857143,Relief
301,385,4,Female,-10,Relief
301,386,5,Female,-12.5,Relief
301,387,6,Female,0,Relief
301,388,7,Female,-14.28571429,Relief
301,389,8,Female,-,Relief
301,390,9,Female,-5.555555556,Relief
301,391,10,Female,-16.66666667,Relief
301,392,11,Female,0,Relief
301,393,12,Female,0,Relief
301,394,13,Female,0,Relief
301,395,14,Female,11.11111111,Relief
301,396,15,Female,-,Relief
301,397,16,Female,0,Relief
301,398,17,Female,18.75,Relief
301,399,18,Female,25,Relief
301,400,19,Female,16.66666667,Relief
301,401,20,Female,-,Relief
301,402,21,Female,-,Relief
301,403,22,Female,37.5,Relief
301,404,23,Female,30,Relief
301,405,24,Female,-,Relief
303,406,1,Female,-,Relief
303,407,2,Female,-,Relief
303,408,3,Female,-,Relief
303,409,4,Female,-10.66666667,Relief
303,410,5,Female,-21.66666667,Relief
303,411,6,Female,0,Relief
303,412,7,Female,-11.11111111,Relief
303,413,8,Female,-7.619047619,Relief
303,414,9,Female,-,Relief
303,415,10,Female,1.388888889,Relief
303,416,11,Female,-,Relief
303,417,12,Female,15.78947368,Relief
303,418,13,Female,-3.333333333,Relief
303,419,14,Female,8.333333333,Relief
303,420,15,Female,21.8487395,Relief
303,421,16,Female,-,Relief
303,422,17,Female,-,Relief
303,423,18,Female,-10.60606061,Relief
303,424,19,Female,33.99209486,Relief
303,425,20,Female,34.87394958,Relief
303,426,21,Female,46.96969697,Relief
303,427,22,Female,76.92307692,Relief
303,428,23,Female,26.66666667,Relief
303,429,24,Female,-,Relief
304,430,1,Female,-68.25396825,Relief
304,431,2,Female,-,Relief
304,432,3,Female,-,Relief
304,433,4,Female,-11.11111111,Relief
304,434,5,Female,-14.28571429,Relief
304,435,6,Female,0,Relief
304,436,7,Female,-2.597402597,Relief
304,437,8,Female,-,Relief
304,438,9,Female,-,Relief
304,439,10,Female,-,Relief
304,440,11,Female,-,Relief
304,441,12,Female,-,Relief
304,442,13,Female,-,Relief
304,443,14,Female,0,Relief
304,444,15,Female,0,Relief
304,445,16,Female,4,Relief
304,446,17,Female,11.11111111,Relief
304,447,18,Female,10,Relief
304,448,19,Female,18.75,Relief
304,449,20,Female,12.31884058,Relief
304,450,21,Female,-,Relief
304,451,22,Female,-,Relief
304,452,23,Female,22.22222222,Relief
304,453,24,Female,27.08333333,Relief
304,454,25,Female,-,Relief
307,455,1,Female,-8.26873385,Relief
307,456,2,Female,-11.74089069,Relief
307,457,3,Female,-7.253384913,Relief
307,458,4,Female,-2.546296296,Relief
307,459,5,Female,0.238095238,Relief
307,460,6,Female,-2.631578947,Relief
307,461,7,Female,-0.054945055,Relief
307,462,8,Female,-3.278688525,Relief
307,463,9,Female,0,Relief
307,464,10,Female,0,Relief
307,465,11,Female,0,Relief
307,466,12,Female,-5.147058824,Relief
307,467,13,Female,-3.525641026,Relief
307,468,14,Female,3.344481605,Relief
307,469,15,Female,0,Relief
307,470,16,Female,5.882352941,Relief
307,471,17,Female,0,Relief
307,472,18,Female,5.238095238,Relief
307,473,19,Female,5,Relief
307,474,20,Female,0.761904762,Relief
307,475,21,Female,10,Relief
307,476,22,Female,27.27272727,Relief
307,477,23,Female,10.66810345,Relief
307,478,24,Female,13.79310345,Relief
307,479,25,Female,32.58928571,Relief
313,480,1,Female,-7.142857143,Relief
313,481,2,Female,-9.848484848,Relief
313,482,3,Female,-16.66666667,Relief
313,483,4,Female,-,Relief
313,484,5,Female,0,Relief
313,485,6,Female,-11.11111111,Relief
313,486,7,Female,-4.347826087,Relief
313,487,8,Female,-6.25,Relief
313,488,9,Female,0,Relief
313,489,10,Female,0,Relief
313,490,11,Female,0,Relief
313,491,12,Female,0,Relief
313,492,13,Female,0,Relief
313,493,14,Female,-,Relief
313,494,15,Female,-5,Relief
313,495,16,Female,0,Relief
313,496,17,Female,9.523809524,Relief
313,497,18,Female,16.80672269,Relief
313,498,19,Female,18.75,Relief
313,499,20,Female,19.6969697,Relief
313,500,21,Female,33.33333333,Relief
315,501,1,Female,-41.66666667,Relief
315,502,2,Female,-19.35483871,Relief
315,503,3,Female,-11.11111111,Relief
315,504,4,Female,1.388888889,Relief
315,505,5,Female,-8.333333333,Relief
315,506,6,Female,-7.692307692,Relief
315,507,7,Female,-,Relief
315,508,8,Female,2.136752137,Relief
315,509,9,Female,0,Relief
315,510,10,Female,0,Relief
315,511,11,Female,0,Relief
315,512,12,Female,9.090909091,Relief
315,513,13,Female,14.28571429,Relief
315,514,14,Female,-4.743083004,Relief
315,515,15,Female,14.28571429,Relief
315,516,16,Female,0,Relief
315,517,17,Female,15.90909091,Relief
315,518,18,Female,8.333333333,Relief
315,519,19,Female,-,Relief
315,520,20,Female,11.11111111,Relief
315,521,21,Female,-,Relief
315,522,22,Female,-,Relief
315,523,23,Female,-,Relief
315,524,24,Female,28.57142857,Relief
324,525,1,Female,-30.35714286,Relief
324,526,2,Female,-18.33333333,Relief
324,527,3,Female,-18.62348178,Relief
324,528,4,Female,-12.38095238,Relief
324,529,5,Female,-,Relief
324,530,6,Female,-,Relief
324,531,7,Female,-,Relief
324,532,8,Female,-6.616961789,Relief
324,533,9,Female,7.692307692,Relief
324,534,10,Female,13.70967742,Relief
324,535,11,Female,3.418803419,Relief
324,536,12,Female,0,Relief
324,537,13,Female,14.28571429,Relief
324,538,14,Female,-9.64673913,Relief
324,539,15,Female,6.565656566,Relief
324,540,16,Female,6.666666667,Relief
324,541,17,Female,7.575757576,Relief
324,542,18,Female,14.44444444,Relief
324,543,19,Female,10,Relief
324,544,20,Female,9.663865546,Relief
324,545,21,Female,30.02873563,Relief
324,546,22,Female,25,Relief
324,547,23,Female,35.71428571,Relief
324,548,24,Female,39.79591837,Relief
335,549,1,Female,-20,Relief
335,550,2,Female,-16.66666667,Relief
335,551,3,Female,-46.46464646,Relief
335,552,4,Female,-4.347826087,Relief
335,553,5,Female,5.882352941,Relief
335,554,6,Female,-,Relief
335,555,7,Female,0,Relief
335,556,8,Female,0,Relief
335,557,9,Female,0,Relief
335,558,10,Female,25,Relief
335,559,11,Female,-,Relief
335,560,12,Female,0,Relief
335,561,13,Female,1.555555556,Relief
335,562,14,Female,7.857142857,Relief
335,563,15,Female,20,Relief
335,564,16,Female,-5.555555556,Relief
335,565,17,Female,12.78195489,Relief
335,566,18,Female,5.982905983,Relief
335,567,19,Female,17.85714286,Relief
335,568,20,Female,16.36363636,Relief
335,569,21,Female,5.555555556,Relief
335,570,22,Female,-,Relief
335,571,23,Female,29.41176471,Relief
335,572,24,Female,22.22222222,Relief
357,573,1,Female,-35.71428571,Relief
357,574,2,Female,-8.241758242,Relief
357,575,3,Female,-6.191950464,Relief
357,576,4,Female,-2.447552448,Relief
357,577,5,Female,-,Relief
357,578,6,Female,5.555555556,Relief
357,579,7,Female,5.05952381,Relief
357,580,8,Female,-1.818181818,Relief
357,581,9,Female,-5,Relief
357,582,10,Female,16.66666667,Relief
357,583,11,Female,11.03896104,Relief
357,584,12,Female,-8.333333333,Relief
357,585,13,Female,9.090909091,Relief
357,586,14,Female,14.46725318,Relief
357,587,15,Female,-,Relief
357,588,16,Female,6.666666667,Relief
357,589,17,Female,24.02597403,Relief
357,590,18,Female,-,Relief
357,591,19,Female,-,Relief
357,592,20,Female,26.66666667,Relief
357,593,21,Female,-,Relief
357,594,22,Female,-,Relief
357,595,23,Female,-,Relief
357,596,24,Female,58.33333333,Relief
358,597,1,Female,-84,Relief
358,598,2,Female,-,Relief
358,599,3,Female,-,Relief
358,600,4,Female,3.67965368,Relief
358,601,5,Female,0,Relief
358,602,6,Female,0,Relief
358,603,7,Female,0,Relief
358,604,8,Female,1.666666667,Relief
358,605,9,Female,4.761904762,Relief
358,606,10,Female,-,Relief
358,607,11,Female,0,Relief
358,608,12,Female,6.632653061,Relief
358,609,13,Female,5.263157895,Relief
358,610,14,Female,13.33333333,Relief
358,611,15,Female,2.083333333,Relief
358,612,16,Female,-2.051282051,Relief
358,613,17,Female,14.28571429,Relief
358,614,18,Female,11.53846154,Relief
358,615,19,Female,36.36363636,Relief
358,616,20,Female,19.35483871,Relief
358,617,21,Female,32.23753977,Relief
358,618,22,Female,50.67567568,Relief
358,619,23,Female,90.90909091,Relief
360,620,1,Female,-,Relief
360,621,2,Female,-,Relief
360,622,3,Female,-16.66666667,Relief
360,623,4,Female,-9.539473684,Relief
360,624,5,Female,-20,Relief
360,625,6,Female,-,Relief
360,626,7,Female,-14.28571429,Relief
360,627,8,Female,-2.5,Relief
360,628,9,Female,-8.333333333,Relief
360,629,10,Female,0,Relief
360,630,11,Female,0,Relief
360,631,12,Female,-,Relief
360,632,13,Female,-,Relief
360,633,14,Female,11.11111111,Relief
360,634,15,Female,7.585004359,Relief
360,635,16,Female,-,Relief
360,636,17,Female,-,Relief
360,637,18,Female,-,Relief
360,638,19,Female,-8.333333333,Relief
360,639,20,Female,5.882352941,Relief
360,640,21,Female,14.28571429,Relief
360,641,22,Female,-,Relief
360,642,23,Female,35.71428571,Relief
362,643,1,Female,-50,Relief
362,644,2,Female,-7.291666667,Relief
362,645,3,Female,-3.296703297,Relief
362,646,4,Female,-7.5,Relief
362,647,5,Female,-9.090909091,Relief
362,648,6,Female,-,Relief
362,649,7,Female,-,Relief
362,650,8,Female,0,Relief
362,651,9,Female,-,Relief
362,652,10,Female,-,Relief
362,653,11,Female,0,Relief
362,654,12,Female,3.75,Relief
362,655,13,Female,14.28571429,Relief
362,656,14,Female,0,Relief
362,657,15,Female,-3.03030303,Relief
362,658,16,Female,0,Relief
362,659,17,Female,37.12121212,Relief
362,660,18,Female,-1.310483871,Relief
362,661,19,Female,-,Relief
362,662,20,Female,-,Relief
362,663,21,Female,-,Relief
362,664,22,Female,-,Relief
362,665,23,Female,37.22943723,Relief
362,666,24,Female,46.82539683,Relief
365,667,1,Female,-,Relief
365,668,2,Female,26.66666667,Relief
365,669,3,Female,-,Relief
365,670,4,Female,-,Relief
365,671,5,Female,0,Relief
365,672,6,Female,0,Relief
365,673,7,Female,0,Relief
365,674,8,Female,0,Relief
365,675,9,Female,0,Relief
365,676,10,Female,0,Relief
365,677,11,Female,6.19047619,Relief
365,678,12,Female,7.692307692,Relief
365,679,13,Female,3.846153846,Relief
365,680,14,Female,9.340659341,Relief
365,681,15,Female,23.33333333,Relief
365,682,16,Female,14.28571429,Relief
365,683,17,Female,-,Relief
365,684,18,Female,15.15151515,Relief
365,685,19,Female,22.22222222,Relief
365,686,20,Female,13.98601399,Relief
365,687,21,Female,18.18181818,Relief
365,688,22,Female,31.81818182,Relief
365,689,23,Female,-25,Relief
365,690,24,Female,31.26934985,Relief
375,691,1,Female,-,Relief
375,692,2,Female,-,Relief
375,693,3,Female,-11.11111111,Relief
375,694,4,Female,-17.24137931,Relief
375,695,5,Female,-7.142857143,Relief
375,696,6,Female,-,Relief
375,697,7,Female,-6.666666667,Relief
375,698,8,Female,0,Relief
375,699,9,Female,-,Relief
375,700,10,Female,-,Relief
375,701,11,Female,-,Relief
375,702,12,Female,0,Relief
375,703,13,Female,0,Relief
375,704,14,Female,-,Relief
375,705,15,Female,12.5,Relief
375,706,16,Female,0,Relief
375,707,17,Female,-,Relief
375,708,18,Female,11.11111111,Relief
375,709,19,Female,14.28571429,Relief
375,710,20,Female,16.66666667,Relief
375,711,21,Female,16.66666667,Relief
375,712,22,Female,-5.555555556,Relief
375,713,23,Female,19.04761905,Relief
375,714,24,Female,15.38461538,Relief
375,715,25,Female,28.57142857,Relief
379,716,1,Female,-,Relief
379,717,2,Female,-,Relief
379,718,3,Female,-18.0952381,Relief
379,719,4,Female,-7.777777778,Relief
379,720,5,Female,-24.10714286,Relief
379,721,6,Female,-15.87301587,Relief
379,722,7,Female,5.128205128,Relief
379,723,8,Female,-44.44444444,Relief
379,724,9,Female,6.666666667,Relief
379,725,10,Female,-2.447552448,Relief
379,726,11,Female,-11.11111111,Relief
379,727,12,Female,-25,Relief
379,728,13,Female,6.03085554,Relief
379,729,14,Female,-1.838235294,Relief
379,730,15,Female,16.66666667,Relief
379,731,16,Female,15.38461538,Relief
379,732,17,Female,5.714285714,Relief
379,733,18,Female,-,Relief
379,734,19,Female,23.80952381,Relief
379,735,20,Female,-,Relief
379,736,21,Female,33.33333333,Relief
379,737,22,Female,33.59683794,Relief
379,738,23,Female,39.76608187,Relief
379,739,24,Female,-,Relief
380,740,1,Female,-14.69979296,Relief
380,741,2,Female,-18.54545455,Relief
380,742,3,Female,-25.93103448,Relief
380,743,4,Female,-20.83333333,Relief
380,744,5,Female,-17.36111111,Relief
380,745,6,Female,-21.0013292,Relief
380,746,7,Female,-15.17857143,Relief
380,747,8,Female,0,Relief
380,748,9,Female,-11.64893617,Relief
380,749,10,Female,-13.61904762,Relief
380,750,11,Female,2.298850575,Relief
380,751,12,Female,-0.641025641,Relief
380,752,13,Female,2.860907209,Relief
380,753,14,Female,1.642036125,Relief
380,754,15,Female,6.470588235,Relief
380,755,16,Female,-0.769612711,Relief
380,756,17,Female,-0.41862899,Relief
380,757,18,Female,7.371794872,Relief
380,758,19,Female,2.705627706,Relief
380,759,20,Female,8.866749689,Relief
380,760,21,Female,16.35338346,Relief
380,761,22,Female,14.64530892,Relief
380,762,23,Female,40,Relief
380,763,24,Female,50,Relief
391,764,1,Female,-34.50980392,Relief
391,765,2,Female,1.666666667,Relief
391,766,3,Female,1.666666667,Relief
391,767,4,Female,-,Relief
391,768,5,Female,-5.714285714,Relief
391,769,6,Female,0,Relief
391,770,7,Female,0,Relief
391,771,8,Female,-,Relief
391,772,9,Female,-,Relief
391,773,10,Female,-,Relief
391,774,11,Female,-,Relief
391,775,12,Female,-,Relief
391,776,13,Female,0,Relief
391,777,14,Female,-4.248366013,Relief
391,778,15,Female,7.142857143,Relief
391,779,16,Female,5.555555556,Relief
391,780,17,Female,2.857142857,Relief
391,781,18,Female,0,Relief
391,782,19,Female,0,Relief
391,783,20,Female,8.333333333,Relief
391,784,21,Female,-,Relief
391,785,22,Female,13.33333333,Relief
391,786,23,Female,13.93939394,Relief
391,787,24,Female,41.66666667,Relief
399,788,1,Female,-12.22222222,Relief
399,789,2,Female,-17.5,Relief
399,790,3,Female,-25,Relief
399,791,4,Female,-18.50649351,Relief
399,792,5,Female,-10.31746032,Relief
399,793,6,Female,-2.222222222,Relief
399,794,7,Female,-,Relief
399,795,8,Female,0,Relief
399,796,9,Female,0,Relief
399,797,10,Female,0,Relief
399,798,11,Female,-,Relief
399,799,12,Female,-0.395256917,Relief
399,800,13,Female,3.333333333,Relief
399,801,14,Female,12.5,Relief
399,802,15,Female,14.28571429,Relief
399,803,16,Female,9.333333333,Relief
399,804,17,Female,14.28571429,Relief
399,805,18,Female,13.80952381,Relief
399,806,19,Female,16.66666667,Relief
399,807,20,Female,10,Relief
399,808,21,Female,-,Relief
399,809,22,Female,18.11414392,Relief
399,810,23,Female,-,Relief
399,811,24,Female,33.33333333,Relief
427,812,1,Female,-,Relief
427,813,2,Female,-30,Relief
427,814,3,Female,-10,Relief
427,815,4,Female,-,Relief
427,816,5,Female,-16,Relief
427,817,6,Female,-7.142857143,Relief
427,818,7,Female,-12.98076923,Relief
427,819,8,Female,-4.166666667,Relief
427,820,9,Female,-25,Relief
427,821,10,Female,-11.11111111,Relief
427,822,11,Female,2.727272727,Relief
427,823,12,Female,-10,Relief
427,824,13,Female,-,Relief
427,825,14,Female,-,Relief
427,826,15,Female,6.666666667,Relief
427,827,16,Female,23.80952381,Relief
427,828,17,Female,14.28571429,Relief
427,829,18,Female,22.22222222,Relief
427,830,19,Female,-,Relief
427,831,20,Female,14.58333333,Relief
427,832,21,Female,44.73684211,Relief
427,833,22,Female,-,Relief
427,834,23,Female,60.71428571,Relief
427,835,24,Female,-,Relief
427,836,25,Female,100,Relief
437,837,1,Female,-42.85714286,Relief
437,838,2,Female,-29.41176471,Relief
437,839,3,Female,-6.19047619,Relief
437,840,4,Female,-,Relief
437,841,5,Female,0,Relief
437,842,6,Female,-,Relief
437,843,7,Female,0,Relief
437,844,8,Female,0,Relief
437,845,9,Female,-1.19047619,Relief
437,846,10,Female,1.366459627,Relief
437,847,11,Female,1.111111111,Relief
437,848,12,Female,5.590062112,Relief
437,849,13,Female,5.263157895,Relief
437,850,14,Female,-9.502262443,Relief
437,851,15,Female,6.451612903,Relief
437,852,16,Female,-,Relief
437,853,17,Female,0.464396285,Relief
437,854,18,Female,17.5,Relief
437,855,19,Female,43.59605911,Relief
437,856,20,Female,17.04545455,Relief
437,857,21,Female,40.86538462,Relief
437,858,22,Female,26.37362637,Relief
437,859,23,Female,30.59006211,Relief
486,860,1,Female,-20,Relief
486,861,2,Female,-18.32298137,Relief
486,862,3,Female,-29.23076923,Relief
486,863,4,Female,0,Relief
486,864,5,Female,13.33333333,Relief
486,865,6,Female,14.28571429,Relief
486,866,7,Female,16.89189189,Relief
486,867,8,Female,17.27941176,Relief
486,868,9,Female,25.53571429,Relief
486,869,10,Female,-,Relief
486,870,11,Female,-,Relief
486,871,12,Female,21.42857143,Relief
486,872,13,Female,21.71052632,Relief
486,873,14,Female,60,Relief
486,874,15,Female,25.64102564,Relief
486,875,16,Female,42.29249012,Relief
486,876,17,Female,-,Relief
486,877,18,Female,7.070707071,Relief
486,878,19,Female,-,Relief
486,879,20,Female,24.17582418,Relief
486,880,21,Female,30.35714286,Relief
486,881,22,Female,-,Relief
486,882,23,Female,52.38095238,Relief
486,883,24,Female,29.6969697,Relief
486,884,25,Female,-,Relief
517,885,1,Female,-20.83333333,Relief
517,886,2,Female,-27.77777778,Relief
517,887,3,Female,-21.21710526,Relief
517,888,4,Female,-4.166666667,Relief
517,889,5,Female,1.666666667,Relief
517,890,6,Female,-3.125,Relief
517,891,7,Female,2.380952381,Relief
517,892,8,Female,-8.908780904,Relief
517,893,9,Female,0,Relief
517,894,10,Female,0,Relief
517,895,11,Female,-,Relief
517,896,12,Female,-,Relief
517,897,13,Female,-,Relief
517,898,14,Female,1.587301587,Relief
517,899,15,Female,15.38461538,Relief
517,900,16,Female,1.388888889,Relief
517,901,17,Female,-,Relief
517,902,18,Female,7.692307692,Relief
517,903,19,Female,17.19457014,Relief
517,904,20,Female,6.593406593,Relief
517,905,21,Female,10.52631579,Relief
517,906,22,Female,0,Relief
517,907,23,Female,15.7523511,Relief
517,908,24,Female,23.07692308,Relief
517,909,25,Female,-,Relief
555,910,1,Female,-8.522727273,Relief
555,911,2,Female,-,Relief
555,912,3,Female,-,Relief
555,913,4,Female,-12.5,Relief
555,914,5,Female,-15.15151515,Relief
555,915,6,Female,-30.62200957,Relief
555,916,7,Female,-3.333333333,Relief
555,917,8,Female,-23.33333333,Relief
555,918,9,Female,1.515151515,Relief
555,919,10,Female,2.105263158,Relief
555,920,11,Female,-9.090909091,Relief
555,921,12,Female,2.857142857,Relief
555,922,13,Female,13.04347826,Relief
555,923,14,Female,28.57142857,Relief
555,924,15,Female,8.205128205,Relief
555,925,16,Female,17.73504274,Relief
555,926,17,Female,17.85714286,Relief
555,927,18,Female,33.33333333,Relief
555,928,19,Female,9.523809524,Relief
555,929,20,Female,16.66666667,Relief
555,930,21,Female,43.80952381,Relief
555,931,22,Female,-,Relief
555,932,23,Female,11.76470588,Relief
555,933,24,Female,30,Relief
639,934,1,Female,-,Relief
639,935,2,Female,-,Relief
639,936,3,Female,-38.88888889,Relief
639,937,4,Female,-,Relief
639,938,5,Female,-12.5,Relief
639,939,6,Female,-0.966183575,Relief
639,940,7,Female,-10.1010101,Relief
639,941,8,Female,-9.523809524,Relief
639,942,9,Female,-11.35005974,Relief
639,943,10,Female,7.763975155,Relief
639,944,11,Female,8.461538462,Relief
639,945,12,Female,5.319148936,Relief
639,946,13,Female,-12.12121212,Relief
639,947,14,Female,-4.761904762,Relief
639,948,15,Female,34.87394958,Relief
639,949,16,Female,8.281573499,Relief
639,950,17,Female,8.658008658,Relief
639,951,18,Female,-2.339181287,Relief
639,952,19,Female,17.26190476,Relief
639,953,20,Female,7.142857143,Relief
639,954,21,Female,22.25705329,Relief
639,955,22,Female,11.97339246,Relief
639,956,23,Female,-3.636363636,Relief
639,957,24,Female,-,Relief
705,958,1,Female,-1.282051282,Relief
705,959,2,Female,0,Relief
705,960,3,Female,-8.102766798,Relief
705,961,4,Female,0.263678312,Relief
705,962,5,Female,0,Relief
705,963,6,Female,0,Relief
705,964,7,Female,0,Relief
705,965,8,Female,0,Relief
705,966,9,Female,0.769230769,Relief
705,967,10,Female,13.33333333,Relief
705,968,11,Female,4.120879121,Relief
705,969,12,Female,16.66666667,Relief
705,970,13,Female,-5.555555556,Relief
705,971,14,Female,0,Relief
705,972,15,Female,13.27731092,Relief
705,973,16,Female,22.22222222,Relief
705,974,17,Female,3.693181818,Relief
705,975,18,Female,20,Relief
705,976,19,Female,-,Relief
705,977,20,Female,25.98039216,Relief
705,978,21,Female,40,Relief
705,979,22,Female,37.5,Relief
705,980,23,Female,-,Relief
705,981,24,Female,66.66666667,Relief
707,982,1,Female,-41.83006536,Relief
707,983,2,Female,-12.5,Relief
707,984,3,Female,-7.142857143,Relief
707,985,4,Female,-10,Relief
707,986,5,Female,-10,Relief
707,987,6,Female,-9.027777778,Relief
707,988,7,Female,-12.5,Relief
707,989,8,Female,-,Relief
707,990,9,Female,-1.851851852,Relief
707,991,10,Female,-5.882352941,Relief
707,992,11,Female,15.38461538,Relief
707,993,12,Female,-,Relief
707,994,13,Female,0,Relief
707,995,14,Female,1.143451143,Relief
707,996,15,Female,6.162464986,Relief
707,997,16,Female,3.840749415,Relief
707,998,17,Female,11.60714286,Relief
707,999,18,Female,7.258064516,Relief
707,1000,19,Female,6.666666667,Relief
707,1001,20,Female,17.11111111,Relief
707,1002,21,Female,16.66666667,Relief
707,1003,22,Female,31.81818182,Relief
707,1004,23,Female,41.42857143,Relief
707,1005,24,Female,55.55555556,Relief
707,1006,25,Female,66.07142857,Relief
712,1007,1,Female,-,Relief
712,1008,2,Female,-24.90842491,Relief
712,1009,3,Female,-6.25,Relief
712,1010,4,Female,-9.090909091,Relief
712,1011,5,Female,-9.242424242,Relief
712,1012,6,Female,0,Relief
712,1013,7,Female,-,Relief
712,1014,8,Female,-,Relief
712,1015,9,Female,1.103448276,Relief
712,1016,10,Female,1.83714002,Relief
712,1017,11,Female,5.263157895,Relief
712,1018,12,Female,7.142857143,Relief
712,1019,13,Female,9.090909091,Relief
712,1020,14,Female,1.596638655,Relief
712,1021,15,Female,16.66666667,Relief
712,1022,16,Female,17.49816581,Relief
712,1023,17,Female,26.66666667,Relief
712,1024,18,Female,17.03296703,Relief
712,1025,19,Female,28.57142857,Relief
712,1026,20,Female,11.11111111,Relief
712,1027,21,Female,34.86842105,Relief
712,1028,22,Female,33.33333333,Relief
712,1029,23,Female,14.91491491,Relief
712,1030,24,Female,31.1827957,Relief
714,1031,1,Female,-,Relief
714,1032,2,Female,-,Relief
714,1033,3,Female,-28.57142857,Relief
714,1034,4,Female,-32.85714286,Relief
714,1035,5,Female,-21.05263158,Relief
714,1036,6,Female,-3.333333333,Relief
714,1037,7,Female,11.11111111,Relief
714,1038,8,Female,0,Relief
714,1039,9,Female,0,Relief
714,1040,10,Female,0,Relief
714,1041,11,Female,-3.174603175,Relief
714,1042,12,Female,9.090909091,Relief
714,1043,13,Female,16.66666667,Relief
714,1044,14,Female,0,Relief
714,1045,15,Female,32.63888889,Relief
714,1046,16,Female,5,Relief
714,1047,17,Female,0,Relief
714,1048,18,Female,-,Relief
714,1049,19,Female,-,Relief
714,1050,20,Female,34.12698413,Relief
714,1051,21,Female,30.90909091,Relief
714,1052,22,Female,40.90909091,Relief
714,1053,23,Female,28,Relief
714,1054,24,Female,-,Relief
730,1055,1,Female,-10.1010101,Relief
730,1056,2,Female,-25.71428571,Relief
730,1057,3,Female,-12.35294118,Relief
730,1058,4,Female,-9.210526316,Relief
730,1059,5,Female,-9.523809524,Relief
730,1060,6,Female,5.928853755,Relief
730,1061,7,Female,-5.101275319,Relief
730,1062,8,Female,-9.401709402,Relief
730,1063,9,Female,-1.449275362,Relief
730,1064,10,Female,-7.065217391,Relief
730,1065,11,Female,24.88479263,Relief
730,1066,12,Female,-,Relief
730,1067,13,Female,22.72727273,Relief
730,1068,14,Female,-2.666666667,Relief
730,1069,15,Female,20.23809524,Relief
730,1070,16,Female,16.47058824,Relief
730,1071,17,Female,29.85507246,Relief
730,1072,18,Female,17.5862069,Relief
730,1073,19,Female,11.5942029,Relief
730,1074,20,Female,33.33333333,Relief
730,1075,21,Female,35.71428571,Relief
730,1076,22,Female,20,Relief
730,1077,23,Female,40.35087719,Relief
730,1078,24,Female,46.03174603,Relief
732,1079,1,Female,-,Relief
732,1080,2,Female,-,Relief
732,1081,3,Female,-13.0952381,Relief
732,1082,4,Female,-,Relief
732,1083,5,Female,-,Relief
732,1084,6,Female,-,Relief
732,1085,7,Female,-,Relief
732,1086,8,Female,-,Relief
732,1087,9,Female,-0.769230769,Relief
732,1088,10,Female,-3.333333333,Relief
732,1089,11,Female,0,Relief
732,1090,12,Female,20.45454545,Relief
732,1091,13,Female,1.632653061,Relief
732,1092,14,Female,0,Relief
732,1093,15,Female,0,Relief
732,1094,16,Female,-,Relief
732,1095,17,Female,-,Relief
732,1096,18,Female,-,Relief
732,1097,19,Female,-,Relief
732,1098,20,Female,14.28571429,Relief
732,1099,21,Female,0,Relief
732,1100,22,Female,49,Relief
732,1101,23,Female,41.36904762,Relief
732,1102,24,Female,49.35064935,Relief
732,1103,25,Female,-,Relief
732,1104,26,Female,35.04273504,Relief
765,1105,1,Female,-,Relief
765,1106,2,Female,-28.57142857,Relief
765,1107,3,Female,-13.63636364,Relief
765,1108,4,Female,16.66666667,Relief
765,1109,5,Female,-9.090909091,Relief
765,1110,6,Female,0,Relief
765,1111,7,Female,0,Relief
765,1112,8,Female,0,Relief
765,1113,9,Female,0,Relief
765,1114,10,Female,0,Relief
765,1115,11,Female,0,Relief
765,1116,12,Female,-,Relief
765,1117,13,Female,0,Relief
765,1118,14,Female,20.60606061,Relief
765,1119,15,Female,-10,Relief
765,1120,16,Female,0,Relief
765,1121,17,Female,5.555555556,Relief
765,1122,18,Female,13.79310345,Relief
765,1123,19,Female,14.52991453,Relief
765,1124,20,Female,0,Relief
765,1125,21,Female,10,Relief
765,1126,22,Female,-,Relief
765,1127,23,Female,30,Relief
765,1128,24,Female,-,Relief
774,1129,1,Female,-40,Relief
774,1130,2,Female,-9.533898305,Relief
774,1131,3,Female,0,Relief
774,1132,4,Female,-8.513513514,Relief
774,1133,5,Female,5.882352941,Relief
774,1134,6,Female,5.952380952,Relief
774,1135,7,Female,-5.805986296,Relief
774,1136,8,Female,3.143960287,Relief
774,1137,9,Female,-,Relief
774,1138,10,Female,0,Relief
774,1139,11,Female,0,Relief
774,1140,12,Female,0,Relief
774,1141,13,Female,0,Relief
774,1142,14,Female,0,Relief
774,1143,15,Female,0,Relief
774,1144,16,Female,0.634920635,Relief
774,1145,17,Female,2.272727273,Relief
774,1146,18,Female,4.255319149,Relief
774,1147,19,Female,0,Relief
774,1148,20,Female,0,Relief
774,1149,21,Female,2.450980392,Relief
774,1150,22,Female,9.642184557,Relief
774,1151,23,Female,0,Relief
774,1152,24,Female,12.5,Relief
774,1153,25,Female,-,Relief
774,1154,26,Female,19.88636364,Relief
786,1155,1,Female,-,Relief
786,1156,2,Female,-31.66666667,Relief
786,1157,3,Female,7.936507937,Relief
786,1158,4,Female,0.216450216,Relief
786,1159,5,Female,0,Relief
786,1160,6,Female,-,Relief
786,1161,7,Female,0,Relief
786,1162,8,Female,0,Relief
786,1163,9,Female,-,Relief
786,1164,10,Female,-,Relief
786,1165,11,Female,0,Relief
786,1166,12,Female,6.060606061,Relief
786,1167,13,Female,0,Relief
786,1168,14,Female,0,Relief
786,1169,15,Female,-,Relief
786,1170,16,Female,-,Relief
786,1171,17,Female,35.45454545,Relief
786,1172,18,Female,20,Relief
786,1173,19,Female,25,Relief
786,1174,20,Female,12.20238095,Relief
786,1175,21,Female,16.8627451,Relief
786,1176,22,Female,35,Relief
786,1177,23,Female,32.29813665,Relief
786,1178,24,Female,40,Relief
799,1179,1,Female,-14.28571429,Relief
799,1180,2,Female,-38.33333333,Relief
799,1181,3,Female,6.666666667,Relief
799,1182,4,Female,-12.5,Relief
799,1183,5,Female,-4.895104895,Relief
799,1184,6,Female,-3.333333333,Relief
799,1185,7,Female,26.66666667,Relief
799,1186,8,Female,15,Relief
799,1187,9,Female,2.5,Relief
799,1188,10,Female,-1.551724138,Relief
799,1189,11,Female,19.23076923,Relief
799,1190,12,Female,3.962703963,Relief
799,1191,13,Female,6.666666667,Relief
799,1192,14,Female,28.57142857,Relief
799,1193,15,Female,38.88888889,Relief
799,1194,16,Female,29.50191571,Relief
799,1195,17,Female,8.823529412,Relief
799,1196,18,Female,50,Relief
799,1197,19,Female,28.78787879,Relief
799,1198,20,Female,42.74193548,Relief
799,1199,21,Female,37.77777778,Relief
799,1200,22,Female,-,Relief
799,1201,23,Female,42.85714286,Relief
799,1202,24,Female,83.33333333,Relief
820,1203,1,Female,-40.90909091,Relief
820,1204,2,Female,-27.97619048,Relief
820,1205,3,Female,6.25,Relief
820,1206,4,Female,-14.28571429,Relief
820,1207,5,Female,-,Relief
820,1208,6,Female,-2.797202797,Relief
820,1209,7,Female,1.581027668,Relief
820,1210,8,Female,-12.5,Relief
820,1211,9,Female,-12.30769231,Relief
820,1212,10,Female,5.357142857,Relief
820,1213,11,Female,-,Relief
820,1214,12,Female,10,Relief
820,1215,13,Female,-,Relief
820,1216,14,Female,-2.727272727,Relief
820,1217,15,Female,-1.666666667,Relief
820,1218,16,Female,5.263157895,Relief
820,1219,17,Female,-,Relief
820,1220,18,Female,14.76190476,Relief
820,1221,19,Female,25.5952381,Relief
820,1222,20,Female,33.76068376,Relief
820,1223,21,Female,41.17647059,Relief
820,1224,22,Female,50,Relief
820,1225,23,Female,75,Relief
820,1226,24,Female,-,Relief
852,1227,1,Female,-25,Relief
852,1228,2,Female,-11.11111111,Relief
852,1229,3,Female,-,Relief
852,1230,4,Female,-,Relief
852,1231,5,Female,-15,Relief
852,1232,6,Female,18.83116883,Relief
852,1233,7,Female,-5.158730159,Relief
852,1234,8,Female,0,Relief
852,1235,9,Female,-,Relief
852,1236,10,Female,9.523809524,Relief
852,1237,11,Female,-0.769230769,Relief
852,1238,12,Female,0,Relief
852,1239,13,Female,8.333333333,Relief
852,1240,14,Female,10.35714286,Relief
852,1241,15,Female,30,Relief
852,1242,16,Female,18.18181818,Relief
852,1243,17,Female,17.08333333,Relief
852,1244,18,Female,33.33333333,Relief
852,1245,19,Female,3.968253968,Relief
852,1246,20,Female,28.94117647,Relief
852,1247,21,Female,35.06493506,Relief
852,1248,22,Female,26.66666667,Relief
852,1249,23,Female,57.14285714,Relief
852,1250,24,Female,47.597254,Relief
859,1251,1,Female,-40,Relief
859,1252,2,Female,-34.54545455,Relief
859,1253,3,Female,-9.090909091,Relief
859,1254,4,Female,0,Relief
859,1255,5,Female,-1.176470588,Relief
859,1256,6,Female,1.358695652,Relief
859,1257,7,Female,0,Relief
859,1258,8,Female,-11.53846154,Relief
859,1259,9,Female,-1.339285714,Relief
859,1260,10,Female,-11.76470588,Relief
859,1261,11,Female,1.774193548,Relief
859,1262,12,Female,-12.58741259,Relief
859,1263,13,Female,-30.3030303,Relief
859,1264,14,Female,0,Relief
859,1265,15,Female,0,Relief
859,1266,16,Female,7.142857143,Relief
859,1267,17,Female,6.763285024,Relief
859,1268,18,Female,18.23529412,Relief
859,1269,19,Female,15.54054054,Relief
859,1270,20,Female,17.77777778,Relief
859,1271,21,Female,35.83333333,Relief
859,1272,22,Female,22.22222222,Relief
859,1273,23,Female,28.67647059,Relief
859,1274,24,Female,37.5,Relief
