Line,Sex,value,trait.column,Injection.date,trait.column.sex
21,Female,27,Mortality,4/4/17,Female_Mortality
21,Female,27,Mortality,4/2/17,Female_Mortality
21,Female,9,Mortality,4/5/17,Female_Mortality
28,Female,19,Mortality,4/3/17,Female_Mortality
28,Female,17,Mortality,4/3/17,Female_Mortality
28,Female,15,Mortality,4/7/17,Female_Mortality
31,Female,29,Mortality,4/4/17,Female_Mortality
31,Female,27,Mortality,4/5/17,Female_Mortality
31,Female,25,Mortality,4/3/17,Female_Mortality
32,Female,25,Mortality,4/2/17,Female_Mortality
32,Female,17,Mortality,4/4/17,Female_Mortality
32,Female,17,Mortality,4/5/17,Female_Mortality
48,Female,29,Mortality,4/3/17,Female_Mortality
48,Female,29,Mortality,4/5/17,Female_Mortality
48,Female,31,Mortality,4/2/17,Female_Mortality
49,Female,19,Mortality,4/2/17,Female_Mortality
49,Female,21,Mortality,4/4/17,Female_Mortality
49,Female,19,Mortality,4/7/17,Female_Mortality
57,Female,23,Mortality,4/2/17,Female_Mortality
57,Female,17,Mortality,4/4/17,Female_Mortality
57,Female,19,Mortality,4/4/17,Female_Mortality
59,Female,39,Mortality,4/7/17,Female_Mortality
59,Female,31,Mortality,4/7/17,Female_Mortality
59,Female,35,Mortality,4/7/17,Female_Mortality
69,Female,21,Mortality,4/3/17,Female_Mortality
69,Female,21,Mortality,4/4/17,Female_Mortality
69,Female,17,Mortality,4/5/17,Female_Mortality
75,Female,27,Mortality,4/3/17,Female_Mortality
75,Female,29,Mortality,4/4/17,Female_Mortality
75,Female,23,Mortality,4/7/17,Female_Mortality
83,Female,23,Mortality,4/3/17,Female_Mortality
83,Female,23,Mortality,4/5/17,Female_Mortality
83,Female,13,Mortality,4/3/17,Female_Mortality
91,Female,37,Mortality,4/4/17,Female_Mortality
91,Female,39,Mortality,4/5/17,Female_Mortality
91,Female,33,Mortality,4/7/17,Female_Mortality
93,Female,23,Mortality,4/3/17,Female_Mortality
93,Female,29,Mortality,4/2/17,Female_Mortality
93,Female,25,Mortality,4/7/17,Female_Mortality
101,Female,33,Mortality,4/3/17,Female_Mortality
101,Female,29,Mortality,4/7/17,Female_Mortality
101,Female,31,Mortality,4/3/17,Female_Mortality
129,Female,19,Mortality,4/3/17,Female_Mortality
129,Female,23,Mortality,4/3/17,Female_Mortality
129,Female,9,Mortality,4/7/17,Female_Mortality
138,Female,23,Mortality,4/3/17,Female_Mortality
138,Female,19,Mortality,4/4/17,Female_Mortality
138,Female,17,Mortality,4/5/17,Female_Mortality
142,Female,37,Mortality,4/3/17,Female_Mortality
142,Female,23,Mortality,4/4/17,Female_Mortality
142,Female,11,Mortality,4/7/17,Female_Mortality
149,Female,35,Mortality,4/2/17,Female_Mortality
149,Female,23,Mortality,4/7/17,Female_Mortality
149,Female,35,Mortality,4/7/17,Female_Mortality
153,Female,21,Mortality,4/3/17,Female_Mortality
153,Female,23,Mortality,4/5/17,Female_Mortality
153,Female,23,Mortality,4/2/17,Female_Mortality
189,Female,29,Mortality,4/2/17,Female_Mortality
189,Female,19,Mortality,4/3/17,Female_Mortality
189,Female,15,Mortality,4/7/17,Female_Mortality
195,Female,43,Mortality,4/2/17,Female_Mortality
195,Female,41,Mortality,4/4/17,Female_Mortality
195,Female,31,Mortality,4/7/17,Female_Mortality
208,Female,33,Mortality,4/3/17,Female_Mortality
208,Female,33,Mortality,4/4/17,Female_Mortality
208,Female,25,Mortality,4/4/17,Female_Mortality
217,Female,29,Mortality,4/3/17,Female_Mortality
217,Female,31,Mortality,4/3/17,Female_Mortality
217,Female,25,Mortality,4/7/17,Female_Mortality
228,Female,27,Mortality,4/2/17,Female_Mortality
228,Female,31,Mortality,4/4/17,Female_Mortality
228,Female,25,Mortality,4/7/17,Female_Mortality
235,Female,23,Mortality,4/3/17,Female_Mortality
235,Female,17,Mortality,4/4/17,Female_Mortality
235,Female,25,Mortality,4/7/17,Female_Mortality
237,Female,27,Mortality,4/7/17,Female_Mortality
237,Female,19,Mortality,4/7/17,Female_Mortality
237,Female,33,Mortality,4/2/17,Female_Mortality
239,Female,21,Mortality,4/4/17,Female_Mortality
239,Female,15,Mortality,4/5/17,Female_Mortality
239,Female,27,Mortality,4/2/17,Female_Mortality
280,Female,25,Mortality,4/3/17,Female_Mortality
280,Female,27,Mortality,4/3/17,Female_Mortality
280,Female,23,Mortality,4/5/17,Female_Mortality
287,Female,27,Mortality,4/3/17,Female_Mortality
287,Female,27,Mortality,4/4/17,Female_Mortality
287,Female,29,Mortality,4/7/17,Female_Mortality
301,Female,23,Mortality,4/3/17,Female_Mortality
301,Female,27,Mortality,4/5/17,Female_Mortality
301,Female,25,Mortality,4/7/17,Female_Mortality
301,Female,29,Mortality,4/2/17,Female_Mortality
303,Female,27,Mortality,4/7/17,Female_Mortality
303,Female,25,Mortality,4/7/17,Female_Mortality
303,Female,25,Mortality,4/7/17,Female_Mortality
304,Female,33,Mortality,4/3/17,Female_Mortality
304,Female,31,Mortality,4/4/17,Female_Mortality
304,Female,29,Mortality,4/5/17,Female_Mortality
306,Female,33,Mortality,4/4/17,Female_Mortality
306,Female,31,Mortality,4/5/17,Female_Mortality
306,Female,37,Mortality,4/2/17,Female_Mortality
309,Female,33,Mortality,4/4/17,Female_Mortality
309,Female,37,Mortality,4/5/17,Female_Mortality
309,Female,45,Mortality,4/2/17,Female_Mortality
310,Female,29,Mortality,4/3/17,Female_Mortality
310,Female,29,Mortality,4/3/17,Female_Mortality
313,Female,29,Mortality,4/3/17,Female_Mortality
313,Female,29,Mortality,4/3/17,Female_Mortality
313,Female,33,Mortality,4/5/17,Female_Mortality
317,Female,25,Mortality,4/5/17,Female_Mortality
317,Female,19,Mortality,4/7/17,Female_Mortality
317,Female,15,Mortality,4/7/17,Female_Mortality
317,Female,29,Mortality,4/2/17,Female_Mortality
321,Female,39,Mortality,4/2/17,Female_Mortality
321,Female,25,Mortality,4/4/17,Female_Mortality
321,Female,31,Mortality,4/5/17,Female_Mortality
324,Female,15,Mortality,4/4/17,Female_Mortality
324,Female,19,Mortality,4/4/17,Female_Mortality
324,Female,23,Mortality,4/3/17,Female_Mortality
336,Female,21,Mortality,4/7/17,Female_Mortality
336,Female,27,Mortality,4/7/17,Female_Mortality
336,Female,29,Mortality,4/7/17,Female_Mortality
340,Female,29,Mortality,4/4/17,Female_Mortality
340,Female,27,Mortality,4/4/17,Female_Mortality
340,Female,31,Mortality,4/2/17,Female_Mortality
348,Female,17,Mortality,4/5/17,Female_Mortality
348,Female,9,Mortality,4/2/17,Female_Mortality
348,Female,15,Mortality,4/7/17,Female_Mortality
350,Female,29,Mortality,4/3/17,Female_Mortality
350,Female,29,Mortality,4/4/17,Female_Mortality
350,Female,27,Mortality,4/7/17,Female_Mortality
352,Female,39,Mortality,4/2/17,Female_Mortality
352,Female,29,Mortality,4/4/17,Female_Mortality
352,Female,35,Mortality,4/4/17,Female_Mortality
354,Female,33,Mortality,4/2/17,Female_Mortality
354,Female,33,Mortality,4/4/17,Female_Mortality
354,Female,29,Mortality,4/5/17,Female_Mortality
358,Female,23,Mortality,4/2/17,Female_Mortality
358,Female,23,Mortality,4/4/17,Female_Mortality
358,Female,19,Mortality,4/4/17,Female_Mortality
360,Female,33,Mortality,4/3/17,Female_Mortality
360,Female,35,Mortality,4/2/17,Female_Mortality
360,Female,31,Mortality,4/5/17,Female_Mortality
361,Female,21,Mortality,4/4/17,Female_Mortality
361,Female,17,Mortality,4/4/17,Female_Mortality
361,Female,19,Mortality,4/2/17,Female_Mortality
365,Female,39,Mortality,4/3/17,Female_Mortality
365,Female,35,Mortality,4/4/17,Female_Mortality
365,Female,29,Mortality,4/7/17,Female_Mortality
370,Female,23,Mortality,4/3/17,Female_Mortality
370,Female,23,Mortality,4/4/17,Female_Mortality
370,Female,21,Mortality,4/5/17,Female_Mortality
370,Female,23,Mortality,4/4/17,Female_Mortality
370,Female,23,Mortality,4/7/17,Female_Mortality
370,Female,15,Mortality,4/7/17,Female_Mortality
371,Female,23,Mortality,4/5/17,Female_Mortality
371,Female,27,Mortality,4/2/17,Female_Mortality
373,Female,31,Mortality,4/4/17,Female_Mortality
373,Female,31,Mortality,4/4/17,Female_Mortality
373,Female,35,Mortality,4/2/17,Female_Mortality
375,Female,37,Mortality,4/3/17,Female_Mortality
375,Female,15,Mortality,4/4/17,Female_Mortality
375,Female,25,Mortality,4/5/17,Female_Mortality
377,Female,35,Mortality,4/2/17,Female_Mortality
377,Female,33,Mortality,4/4/17,Female_Mortality
377,Female,29,Mortality,4/7/17,Female_Mortality
379,Female,29,Mortality,4/7/17,Female_Mortality
379,Female,29,Mortality,4/7/17,Female_Mortality
379,Female,25,Mortality,4/7/17,Female_Mortality
380,Female,31,Mortality,4/3/17,Female_Mortality
380,Female,17,Mortality,4/3/17,Female_Mortality
380,Female,31,Mortality,4/4/17,Female_Mortality
381,Female,31,Mortality,4/3/17,Female_Mortality
381,Female,33,Mortality,4/4/17,Female_Mortality
381,Female,27,Mortality,4/7/17,Female_Mortality
382,Female,19,Mortality,4/4/17,Female_Mortality
382,Female,17,Mortality,4/7/17,Female_Mortality
382,Female,25,Mortality,4/2/17,Female_Mortality
386,Female,25,Mortality,4/3/17,Female_Mortality
386,Female,21,Mortality,4/7/17,Female_Mortality
386,Female,21,Mortality,4/7/17,Female_Mortality
390,Female,33,Mortality,4/4/17,Female_Mortality
390,Female,29,Mortality,4/4/17,Female_Mortality
390,Female,37,Mortality,4/2/17,Female_Mortality
392,Female,33,Mortality,4/3/17,Female_Mortality
392,Female,21,Mortality,4/7/17,Female_Mortality
392,Female,19,Mortality,4/3/17,Female_Mortality
397,Female,27,Mortality,4/3/17,Female_Mortality
397,Female,25,Mortality,4/3/17,Female_Mortality
397,Female,23,Mortality,4/7/17,Female_Mortality
399,Female,27,Mortality,4/2/17,Female_Mortality
399,Female,25,Mortality,4/7/17,Female_Mortality
405,Female,23,Mortality,4/3/17,Female_Mortality
405,Female,27,Mortality,4/4/17,Female_Mortality
405,Female,27,Mortality,4/7/17,Female_Mortality
406,Female,23,Mortality,4/3/17,Female_Mortality
406,Female,25,Mortality,4/7/17,Female_Mortality
406,Female,29,Mortality,4/7/17,Female_Mortality
409,Female,35,Mortality,4/4/17,Female_Mortality
409,Female,29,Mortality,4/7/17,Female_Mortality
409,Female,33,Mortality,4/3/17,Female_Mortality
426,Female,27,Mortality,4/3/17,Female_Mortality
426,Female,19,Mortality,4/3/17,Female_Mortality
426,Female,23,Mortality,4/4/17,Female_Mortality
427,Female,7,Mortality,4/3/17,Female_Mortality
427,Female,21,Mortality,4/4/17,Female_Mortality
427,Female,23,Mortality,4/7/17,Female_Mortality
437,Female,21,Mortality,4/4/17,Female_Mortality
437,Female,35,Mortality,4/2/17,Female_Mortality
437,Female,25,Mortality,4/7/17,Female_Mortality
439,Female,19,Mortality,4/4/17,Female_Mortality
439,Female,27,Mortality,4/2/17,Female_Mortality
439,Female,23,Mortality,4/5/17,Female_Mortality
441,Female,31,Mortality,4/3/17,Female_Mortality
441,Female,29,Mortality,4/4/17,Female_Mortality
441,Female,9,Mortality,4/7/17,Female_Mortality
443,Female,33,Mortality,4/2/17,Female_Mortality
443,Female,33,Mortality,4/3/17,Female_Mortality
443,Female,31,Mortality,4/5/17,Female_Mortality
486,Female,23,Mortality,4/3/17,Female_Mortality
486,Female,33,Mortality,4/4/17,Female_Mortality
486,Female,21,Mortality,4/5/17,Female_Mortality
491,Female,21,Mortality,4/4/17,Female_Mortality
491,Female,19,Mortality,4/4/17,Female_Mortality
491,Female,25,Mortality,4/2/17,Female_Mortality
492,Female,31,Mortality,4/3/17,Female_Mortality
492,Female,35,Mortality,4/4/17,Female_Mortality
502,Female,29,Mortality,4/4/17,Female_Mortality
502,Female,23,Mortality,4/7/17,Female_Mortality
502,Female,27,Mortality,4/7/17,Female_Mortality
508,Female,29,Mortality,4/4/17,Female_Mortality
508,Female,21,Mortality,4/7/17,Female_Mortality
508,Female,29,Mortality,4/2/17,Female_Mortality
509,Female,17,Mortality,4/3/17,Female_Mortality
509,Female,21,Mortality,4/4/17,Female_Mortality
509,Female,15,Mortality,4/7/17,Female_Mortality
517,Female,23,Mortality,4/4/17,Female_Mortality
517,Female,23,Mortality,4/7/17,Female_Mortality
517,Female,27,Mortality,4/3/17,Female_Mortality
528,Female,15,Mortality,4/4/17,Female_Mortality
528,Female,21,Mortality,4/5/17,Female_Mortality
528,Female,21,Mortality,4/2/17,Female_Mortality
535,Female,31,Mortality,4/2/17,Female_Mortality
535,Female,25,Mortality,4/4/17,Female_Mortality
535,Female,27,Mortality,4/5/17,Female_Mortality
555,Female,31,Mortality,4/4/17,Female_Mortality
555,Female,25,Mortality,4/4/17,Female_Mortality
555,Female,37,Mortality,4/2/17,Female_Mortality
559,Female,33,Mortality,4/2/17,Female_Mortality
559,Female,31,Mortality,4/3/17,Female_Mortality
559,Female,27,Mortality,4/5/17,Female_Mortality
563,Female,27,Mortality,4/4/17,Female_Mortality
563,Female,15,Mortality,4/5/17,Female_Mortality
563,Female,27,Mortality,4/2/17,Female_Mortality
566,Female,31,Mortality,4/4/17,Female_Mortality
566,Female,27,Mortality,4/5/17,Female_Mortality
566,Female,35,Mortality,4/2/17,Female_Mortality
575,Female,21,Mortality,4/4/17,Female_Mortality
575,Female,21,Mortality,4/2/17,Female_Mortality
575,Female,11,Mortality,4/7/17,Female_Mortality
584,Female,27,Mortality,4/4/17,Female_Mortality
584,Female,31,Mortality,4/7/17,Female_Mortality
584,Female,33,Mortality,4/2/17,Female_Mortality
589,Female,29,Mortality,4/3/17,Female_Mortality
589,Female,15,Mortality,4/4/17,Female_Mortality
589,Female,9,Mortality,4/2/17,Female_Mortality
627,Female,29,Mortality,4/2/17,Female_Mortality
627,Female,27,Mortality,4/4/17,Female_Mortality
627,Female,27,Mortality,4/4/17,Female_Mortality
634,Female,35,Mortality,4/2/17,Female_Mortality
634,Female,27,Mortality,4/4/17,Female_Mortality
634,Female,23,Mortality,4/7/17,Female_Mortality
703,Female,17,Mortality,4/4/17,Female_Mortality
703,Female,17,Mortality,4/4/17,Female_Mortality
703,Female,23,Mortality,4/2/17,Female_Mortality
712,Female,31,Mortality,4/3/17,Female_Mortality
712,Female,31,Mortality,4/4/17,Female_Mortality
712,Female,27,Mortality,4/4/17,Female_Mortality
716,Female,25,Mortality,4/4/17,Female_Mortality
716,Female,21,Mortality,4/7/17,Female_Mortality
716,Female,29,Mortality,4/2/17,Female_Mortality
730,Female,25,Mortality,4/3/17,Female_Mortality
730,Female,23,Mortality,4/5/17,Female_Mortality
730,Female,13,Mortality,4/7/17,Female_Mortality
732,Female,21,Mortality,4/4/17,Female_Mortality
732,Female,15,Mortality,4/4/17,Female_Mortality
732,Female,25,Mortality,4/2/17,Female_Mortality
738,Female,17,Mortality,4/3/17,Female_Mortality
738,Female,19,Mortality,4/4/17,Female_Mortality
738,Female,13,Mortality,4/7/17,Female_Mortality
765,Female,31,Mortality,4/3/17,Female_Mortality
765,Female,33,Mortality,4/4/17,Female_Mortality
765,Female,27,Mortality,4/5/17,Female_Mortality
774,Female,25,Mortality,4/7/17,Female_Mortality
774,Female,23,Mortality,4/7/17,Female_Mortality
774,Female,9,Mortality,4/7/17,Female_Mortality
776,Female,29,Mortality,4/2/17,Female_Mortality
776,Female,23,Mortality,4/7/17,Female_Mortality
776,Female,23,Mortality,4/7/17,Female_Mortality
783,Female,23,Mortality,4/7/17,Female_Mortality
783,Female,27,Mortality,4/7/17,Female_Mortality
783,Female,19,Mortality,4/7/17,Female_Mortality
786,Female,37,Mortality,4/4/17,Female_Mortality
786,Female,33,Mortality,4/5/17,Female_Mortality
786,Female,39,Mortality,4/2/17,Female_Mortality
790,Female,23,Mortality,4/3/17,Female_Mortality
790,Female,23,Mortality,4/4/17,Female_Mortality
790,Female,27,Mortality,4/7/17,Female_Mortality
796,Female,35,Mortality,4/2/17,Female_Mortality
796,Female,23,Mortality,4/3/17,Female_Mortality
796,Female,29,Mortality,4/4/17,Female_Mortality
801,Female,35,Mortality,4/3/17,Female_Mortality
801,Female,31,Mortality,4/4/17,Female_Mortality
801,Female,27,Mortality,4/7/17,Female_Mortality
802,Female,13,Mortality,4/3/17,Female_Mortality
802,Female,15,Mortality,4/2/17,Female_Mortality
802,Female,7,Mortality,4/7/17,Female_Mortality
805,Female,29,Mortality,4/2/17,Female_Mortality
805,Female,33,Mortality,4/4/17,Female_Mortality
805,Female,23,Mortality,4/7/17,Female_Mortality
808,Female,27,Mortality,4/3/17,Female_Mortality
808,Female,31,Mortality,4/2/17,Female_Mortality
808,Female,21,Mortality,4/5/17,Female_Mortality
818,Female,31,Mortality,4/3/17,Female_Mortality
818,Female,33,Mortality,4/3/17,Female_Mortality
818,Female,33,Mortality,4/4/17,Female_Mortality
820,Female,31,Mortality,4/2/17,Female_Mortality
820,Female,17,Mortality,4/4/17,Female_Mortality
820,Female,27,Mortality,4/5/17,Female_Mortality
821,Female,25,Mortality,4/3/17,Female_Mortality
821,Female,27,Mortality,4/5/17,Female_Mortality
821,Female,9,Mortality,4/2/17,Female_Mortality
822,Female,27,Mortality,4/3/17,Female_Mortality
822,Female,29,Mortality,4/3/17,Female_Mortality
822,Female,15,Mortality,4/7/17,Female_Mortality
832,Female,17,Mortality,4/3/17,Female_Mortality
832,Female,21,Mortality,4/4/17,Female_Mortality
832,Female,13,Mortality,4/5/17,Female_Mortality
843,Female,21,Mortality,4/4/17,Female_Mortality
843,Female,29,Mortality,4/5/17,Female_Mortality
843,Female,15,Mortality,4/7/17,Female_Mortality
852,Female,23,Mortality,4/4/17,Female_Mortality
852,Female,27,Mortality,4/2/17,Female_Mortality
852,Female,23,Mortality,4/4/17,Female_Mortality
853,Female,35,Mortality,4/2/17,Female_Mortality
853,Female,33,Mortality,4/3/17,Female_Mortality
853,Female,29,Mortality,4/5/17,Female_Mortality
855,Female,23,Mortality,4/3/17,Female_Mortality
855,Female,25,Mortality,4/4/17,Female_Mortality
855,Female,23,Mortality,4/5/17,Female_Mortality
859,Female,19,Mortality,4/4/17,Female_Mortality
859,Female,21,Mortality,4/7/17,Female_Mortality
859,Female,17,Mortality,4/2/17,Female_Mortality
879,Female,39,Mortality,4/2/17,Female_Mortality
879,Female,33,Mortality,4/3/17,Female_Mortality
879,Female,35,Mortality,4/7/17,Female_Mortality
897,Female,31,Mortality,4/4/17,Female_Mortality
897,Female,23,Mortality,4/7/17,Female_Mortality
897,Female,35,Mortality,4/2/17,Female_Mortality
913,Female,29,Mortality,4/4/17,Female_Mortality
913,Female,25,Mortality,4/5/17,Female_Mortality
21,Male,27,Mortality,4/4/17,Male_Mortality
21,Male,31,Mortality,4/2/17,Male_Mortality
21,Male,27,Mortality,4/5/17,Male_Mortality
28,Male,15,Mortality,4/3/17,Male_Mortality
28,Male,17,Mortality,4/3/17,Male_Mortality
28,Male,9,Mortality,4/7/17,Male_Mortality
31,Male,19,Mortality,4/4/17,Male_Mortality
31,Male,19,Mortality,4/5/17,Male_Mortality
31,Male,23,Mortality,4/3/17,Male_Mortality
32,Male,11,Mortality,4/2/17,Male_Mortality
32,Male,15,Mortality,4/4/17,Male_Mortality
32,Male,17,Mortality,4/5/17,Male_Mortality
48,Male,19,Mortality,4/3/17,Male_Mortality
48,Male,17,Mortality,4/5/17,Male_Mortality
48,Male,19,Mortality,4/2/17,Male_Mortality
49,Male,23,Mortality,4/2/17,Male_Mortality
49,Male,23,Mortality,4/4/17,Male_Mortality
49,Male,11,Mortality,4/7/17,Male_Mortality
57,Male,21,Mortality,4/2/17,Male_Mortality
57,Male,19,Mortality,4/4/17,Male_Mortality
57,Male,17,Mortality,4/4/17,Male_Mortality
59,Male,25,Mortality,4/7/17,Male_Mortality
59,Male,25,Mortality,4/7/17,Male_Mortality
59,Male,25,Mortality,4/7/17,Male_Mortality
69,Male,19,Mortality,4/3/17,Male_Mortality
69,Male,9,Mortality,4/4/17,Male_Mortality
69,Male,17,Mortality,4/5/17,Male_Mortality
75,Male,13,Mortality,4/3/17,Male_Mortality
75,Male,17,Mortality,4/4/17,Male_Mortality
75,Male,23,Mortality,4/7/17,Male_Mortality
83,Male,31,Mortality,4/3/17,Male_Mortality
83,Male,27,Mortality,4/5/17,Male_Mortality
83,Male,27,Mortality,4/3/17,Male_Mortality
91,Male,33,Mortality,4/4/17,Male_Mortality
91,Male,9,Mortality,4/5/17,Male_Mortality
91,Male,35,Mortality,4/7/17,Male_Mortality
93,Male,23,Mortality,4/3/17,Male_Mortality
93,Male,27,Mortality,4/2/17,Male_Mortality
93,Male,25,Mortality,4/7/17,Male_Mortality
101,Male,23,Mortality,4/3/17,Male_Mortality
101,Male,13,Mortality,4/7/17,Male_Mortality
101,Male,11,Mortality,4/3/17,Male_Mortality
129,Male,29,Mortality,4/3/17,Male_Mortality
129,Male,23,Mortality,4/3/17,Male_Mortality
129,Male,21,Mortality,4/7/17,Male_Mortality
138,Male,19,Mortality,4/3/17,Male_Mortality
138,Male,17,Mortality,4/4/17,Male_Mortality
138,Male,11,Mortality,4/5/17,Male_Mortality
142,Male,13,Mortality,4/3/17,Male_Mortality
142,Male,23,Mortality,4/4/17,Male_Mortality
142,Male,15,Mortality,4/7/17,Male_Mortality
149,Male,31,Mortality,4/2/17,Male_Mortality
149,Male,21,Mortality,4/7/17,Male_Mortality
149,Male,21,Mortality,4/7/17,Male_Mortality
153,Male,19,Mortality,4/3/17,Male_Mortality
153,Male,17,Mortality,4/5/17,Male_Mortality
153,Male,19,Mortality,4/2/17,Male_Mortality
189,Male,33,Mortality,4/2/17,Male_Mortality
189,Male,29,Mortality,4/3/17,Male_Mortality
189,Male,25,Mortality,4/7/17,Male_Mortality
195,Male,15,Mortality,4/2/17,Male_Mortality
195,Male,29,Mortality,4/4/17,Male_Mortality
195,Male,25,Mortality,4/7/17,Male_Mortality
208,Male,13,Mortality,4/3/17,Male_Mortality
208,Male,19,Mortality,4/4/17,Male_Mortality
208,Male,31,Mortality,4/4/17,Male_Mortality
217,Male,19,Mortality,4/3/17,Male_Mortality
217,Male,13,Mortality,4/3/17,Male_Mortality
217,Male,19,Mortality,4/7/17,Male_Mortality
228,Male,19,Mortality,4/2/17,Male_Mortality
228,Male,19,Mortality,4/4/17,Male_Mortality
228,Male,15,Mortality,4/7/17,Male_Mortality
235,Male,21,Mortality,4/3/17,Male_Mortality
235,Male,17,Mortality,4/4/17,Male_Mortality
235,Male,19,Mortality,4/7/17,Male_Mortality
237,Male,11,Mortality,4/7/17,Male_Mortality
237,Male,7,Mortality,4/7/17,Male_Mortality
237,Male,15,Mortality,4/2/17,Male_Mortality
239,Male,17,Mortality,4/4/17,Male_Mortality
239,Male,11,Mortality,4/5/17,Male_Mortality
239,Male,23,Mortality,4/2/17,Male_Mortality
280,Male,27,Mortality,4/3/17,Male_Mortality
280,Male,27,Mortality,4/5/17,Male_Mortality
287,Male,19,Mortality,4/3/17,Male_Mortality
287,Male,23,Mortality,4/4/17,Male_Mortality
287,Male,27,Mortality,4/7/17,Male_Mortality
301,Male,19,Mortality,4/3/17,Male_Mortality
301,Male,25,Mortality,4/5/17,Male_Mortality
301,Male,25,Mortality,4/7/17,Male_Mortality
301,Male,23,Mortality,4/2/17,Male_Mortality
303,Male,21,Mortality,4/7/17,Male_Mortality
303,Male,19,Mortality,4/7/17,Male_Mortality
303,Male,21,Mortality,4/7/17,Male_Mortality
304,Male,27,Mortality,4/3/17,Male_Mortality
304,Male,25,Mortality,4/4/17,Male_Mortality
304,Male,25,Mortality,4/5/17,Male_Mortality
306,Male,9,Mortality,4/4/17,Male_Mortality
306,Male,15,Mortality,4/5/17,Male_Mortality
306,Male,15,Mortality,4/2/17,Male_Mortality
309,Male,29,Mortality,4/4/17,Male_Mortality
309,Male,23,Mortality,4/5/17,Male_Mortality
309,Male,35,Mortality,4/2/17,Male_Mortality
310,Male,27,Mortality,4/3/17,Male_Mortality
310,Male,23,Mortality,4/3/17,Male_Mortality
313,Male,27,Mortality,4/3/17,Male_Mortality
313,Male,27,Mortality,4/3/17,Male_Mortality
313,Male,13,Mortality,4/5/17,Male_Mortality
317,Male,21,Mortality,4/5/17,Male_Mortality
317,Male,25,Mortality,4/7/17,Male_Mortality
317,Male,15,Mortality,4/7/17,Male_Mortality
317,Male,23,Mortality,4/2/17,Male_Mortality
321,Male,27,Mortality,4/2/17,Male_Mortality
321,Male,17,Mortality,4/4/17,Male_Mortality
321,Male,17,Mortality,4/5/17,Male_Mortality
324,Male,17,Mortality,4/4/17,Male_Mortality
324,Male,7,Mortality,4/4/17,Male_Mortality
324,Male,11,Mortality,4/3/17,Male_Mortality
336,Male,15,Mortality,4/7/17,Male_Mortality
336,Male,21,Mortality,4/7/17,Male_Mortality
336,Male,25,Mortality,4/7/17,Male_Mortality
340,Male,23,Mortality,4/4/17,Male_Mortality
340,Male,21,Mortality,4/4/17,Male_Mortality
340,Male,15,Mortality,4/2/17,Male_Mortality
348,Male,17,Mortality,4/5/17,Male_Mortality
348,Male,13,Mortality,4/2/17,Male_Mortality
348,Male,11,Mortality,4/7/17,Male_Mortality
350,Male,19,Mortality,4/3/17,Male_Mortality
350,Male,23,Mortality,4/4/17,Male_Mortality
350,Male,15,Mortality,4/7/17,Male_Mortality
352,Male,33,Mortality,4/2/17,Male_Mortality
352,Male,31,Mortality,4/4/17,Male_Mortality
352,Male,5,Mortality,4/4/17,Male_Mortality
354,Male,29,Mortality,4/2/17,Male_Mortality
354,Male,29,Mortality,4/4/17,Male_Mortality
354,Male,23,Mortality,4/5/17,Male_Mortality
358,Male,17,Mortality,4/2/17,Male_Mortality
358,Male,15,Mortality,4/4/17,Male_Mortality
358,Male,17,Mortality,4/4/17,Male_Mortality
360,Male,19,Mortality,4/3/17,Male_Mortality
360,Male,17,Mortality,4/2/17,Male_Mortality
360,Male,27,Mortality,4/5/17,Male_Mortality
361,Male,11,Mortality,4/4/17,Male_Mortality
361,Male,11,Mortality,4/4/17,Male_Mortality
361,Male,15,Mortality,4/2/17,Male_Mortality
365,Male,29,Mortality,4/3/17,Male_Mortality
365,Male,25,Mortality,4/4/17,Male_Mortality
365,Male,21,Mortality,4/7/17,Male_Mortality
370,Male,17,Mortality,4/3/17,Male_Mortality
370,Male,21,Mortality,4/4/17,Male_Mortality
370,Male,15,Mortality,4/5/17,Male_Mortality
370,Male,17,Mortality,4/4/17,Male_Mortality
370,Male,13,Mortality,4/7/17,Male_Mortality
370,Male,9,Mortality,4/7/17,Male_Mortality
371,Male,19,Mortality,4/5/17,Male_Mortality
371,Male,27,Mortality,4/2/17,Male_Mortality
373,Male,25,Mortality,4/4/17,Male_Mortality
373,Male,21,Mortality,4/4/17,Male_Mortality
373,Male,33,Mortality,4/2/17,Male_Mortality
375,Male,15,Mortality,4/3/17,Male_Mortality
375,Male,15,Mortality,4/4/17,Male_Mortality
375,Male,13,Mortality,4/5/17,Male_Mortality
377,Male,27,Mortality,4/2/17,Male_Mortality
377,Male,29,Mortality,4/4/17,Male_Mortality
377,Male,25,Mortality,4/7/17,Male_Mortality
379,Male,25,Mortality,4/7/17,Male_Mortality
379,Male,15,Mortality,4/7/17,Male_Mortality
379,Male,23,Mortality,4/7/17,Male_Mortality
380,Male,11,Mortality,4/3/17,Male_Mortality
380,Male,11,Mortality,4/3/17,Male_Mortality
380,Male,27,Mortality,4/4/17,Male_Mortality
381,Male,23,Mortality,4/3/17,Male_Mortality
381,Male,27,Mortality,4/4/17,Male_Mortality
381,Male,25,Mortality,4/7/17,Male_Mortality
382,Male,15,Mortality,4/4/17,Male_Mortality
382,Male,25,Mortality,4/7/17,Male_Mortality
382,Male,27,Mortality,4/2/17,Male_Mortality
386,Male,19,Mortality,4/3/17,Male_Mortality
386,Male,9,Mortality,4/7/17,Male_Mortality
386,Male,5,Mortality,4/7/17,Male_Mortality
390,Male,15,Mortality,4/4/17,Male_Mortality
390,Male,13,Mortality,4/4/17,Male_Mortality
390,Male,23,Mortality,4/2/17,Male_Mortality
392,Male,25,Mortality,4/3/17,Male_Mortality
392,Male,31,Mortality,4/7/17,Male_Mortality
392,Male,13,Mortality,4/3/17,Male_Mortality
397,Male,19,Mortality,4/3/17,Male_Mortality
397,Male,19,Mortality,4/3/17,Male_Mortality
397,Male,23,Mortality,4/7/17,Male_Mortality
399,Male,17,Mortality,4/2/17,Male_Mortality
399,Male,15,Mortality,4/7/17,Male_Mortality
405,Male,15,Mortality,4/3/17,Male_Mortality
405,Male,9,Mortality,4/4/17,Male_Mortality
405,Male,21,Mortality,4/7/17,Male_Mortality
406,Male,29,Mortality,4/3/17,Male_Mortality
406,Male,25,Mortality,4/7/17,Male_Mortality
406,Male,13,Mortality,4/7/17,Male_Mortality
409,Male,15,Mortality,4/3/17,Male_Mortality
409,Male,13,Mortality,4/4/17,Male_Mortality
409,Male,15,Mortality,4/7/17,Male_Mortality
426,Male,17,Mortality,4/3/17,Male_Mortality
426,Male,21,Mortality,4/3/17,Male_Mortality
426,Male,11,Mortality,4/4/17,Male_Mortality
427,Male,19,Mortality,4/3/17,Male_Mortality
427,Male,13,Mortality,4/4/17,Male_Mortality
427,Male,5,Mortality,4/7/17,Male_Mortality
437,Male,21,Mortality,4/4/17,Male_Mortality
437,Male,13,Mortality,4/2/17,Male_Mortality
437,Male,29,Mortality,4/7/17,Male_Mortality
439,Male,23,Mortality,4/4/17,Male_Mortality
439,Male,19,Mortality,4/2/17,Male_Mortality
439,Male,17,Mortality,4/5/17,Male_Mortality
441,Male,19,Mortality,4/3/17,Male_Mortality
441,Male,19,Mortality,4/4/17,Male_Mortality
441,Male,21,Mortality,4/7/17,Male_Mortality
443,Male,19,Mortality,4/2/17,Male_Mortality
443,Male,19,Mortality,4/3/17,Male_Mortality
443,Male,17,Mortality,4/5/17,Male_Mortality
486,Male,17,Mortality,4/3/17,Male_Mortality
486,Male,23,Mortality,4/4/17,Male_Mortality
486,Male,23,Mortality,4/5/17,Male_Mortality
491,Male,13,Mortality,4/4/17,Male_Mortality
491,Male,17,Mortality,4/4/17,Male_Mortality
491,Male,17,Mortality,4/2/17,Male_Mortality
492,Male,27,Mortality,4/3/17,Male_Mortality
492,Male,29,Mortality,4/4/17,Male_Mortality
502,Male,19,Mortality,4/4/17,Male_Mortality
502,Male,17,Mortality,4/7/17,Male_Mortality
502,Male,19,Mortality,4/7/17,Male_Mortality
508,Male,21,Mortality,4/4/17,Male_Mortality
508,Male,21,Mortality,4/7/17,Male_Mortality
508,Male,23,Mortality,4/2/17,Male_Mortality
509,Male,19,Mortality,4/3/17,Male_Mortality
509,Male,25,Mortality,4/4/17,Male_Mortality
509,Male,19,Mortality,4/7/17,Male_Mortality
517,Male,23,Mortality,4/4/17,Male_Mortality
517,Male,15,Mortality,4/7/17,Male_Mortality
517,Male,23,Mortality,4/3/17,Male_Mortality
528,Male,15,Mortality,4/4/17,Male_Mortality
528,Male,13,Mortality,4/5/17,Male_Mortality
528,Male,9,Mortality,4/2/17,Male_Mortality
535,Male,19,Mortality,4/2/17,Male_Mortality
535,Male,21,Mortality,4/4/17,Male_Mortality
535,Male,19,Mortality,4/5/17,Male_Mortality
555,Male,21,Mortality,4/4/17,Male_Mortality
555,Male,21,Mortality,4/4/17,Male_Mortality
555,Male,21,Mortality,4/2/17,Male_Mortality
559,Male,19,Mortality,4/3/17,Male_Mortality
559,Male,19,Mortality,4/2/17,Male_Mortality
559,Male,21,Mortality,4/5/17,Male_Mortality
563,Male,21,Mortality,4/4/17,Male_Mortality
563,Male,13,Mortality,4/5/17,Male_Mortality
563,Male,21,Mortality,4/2/17,Male_Mortality
566,Male,21,Mortality,4/4/17,Male_Mortality
566,Male,17,Mortality,4/5/17,Male_Mortality
566,Male,15,Mortality,4/2/17,Male_Mortality
575,Male,21,Mortality,4/4/17,Male_Mortality
575,Male,21,Mortality,4/2/17,Male_Mortality
575,Male,5,Mortality,4/7/17,Male_Mortality
584,Male,25,Mortality,4/4/17,Male_Mortality
584,Male,19,Mortality,4/7/17,Male_Mortality
584,Male,29,Mortality,4/2/17,Male_Mortality
589,Male,11,Mortality,4/3/17,Male_Mortality
589,Male,17,Mortality,4/4/17,Male_Mortality
589,Male,15,Mortality,4/2/17,Male_Mortality
627,Male,21,Mortality,4/2/17,Male_Mortality
627,Male,19,Mortality,4/4/17,Male_Mortality
627,Male,17,Mortality,4/4/17,Male_Mortality
634,Male,21,Mortality,4/2/17,Male_Mortality
634,Male,23,Mortality,4/4/17,Male_Mortality
634,Male,15,Mortality,4/7/17,Male_Mortality
703,Male,19,Mortality,4/4/17,Male_Mortality
703,Male,17,Mortality,4/4/17,Male_Mortality
703,Male,9,Mortality,4/2/17,Male_Mortality
712,Male,29,Mortality,4/3/17,Male_Mortality
712,Male,7,Mortality,4/4/17,Male_Mortality
712,Male,21,Mortality,4/4/17,Male_Mortality
716,Male,21,Mortality,4/2/17,Male_Mortality
716,Male,21,Mortality,4/4/17,Male_Mortality
716,Male,21,Mortality,4/7/17,Male_Mortality
730,Male,17,Mortality,4/3/17,Male_Mortality
730,Male,15,Mortality,4/5/17,Male_Mortality
730,Male,17,Mortality,4/7/17,Male_Mortality
732,Male,17,Mortality,4/4/17,Male_Mortality
732,Male,21,Mortality,4/4/17,Male_Mortality
732,Male,23,Mortality,4/2/17,Male_Mortality
738,Male,19,Mortality,4/3/17,Male_Mortality
738,Male,19,Mortality,4/4/17,Male_Mortality
738,Male,9,Mortality,4/7/17,Male_Mortality
765,Male,17,Mortality,4/3/17,Male_Mortality
765,Male,13,Mortality,4/4/17,Male_Mortality
765,Male,25,Mortality,4/5/17,Male_Mortality
774,Male,25,Mortality,4/7/17,Male_Mortality
774,Male,19,Mortality,4/7/17,Male_Mortality
774,Male,25,Mortality,4/7/17,Male_Mortality
776,Male,13,Mortality,4/2/17,Male_Mortality
776,Male,15,Mortality,4/7/17,Male_Mortality
776,Male,9,Mortality,4/7/17,Male_Mortality
783,Male,19,Mortality,4/7/17,Male_Mortality
783,Male,19,Mortality,4/7/17,Male_Mortality
783,Male,17,Mortality,4/7/17,Male_Mortality
786,Male,23,Mortality,4/4/17,Male_Mortality
786,Male,13,Mortality,4/5/17,Male_Mortality
786,Male,9,Mortality,4/2/17,Male_Mortality
790,Male,23,Mortality,4/3/17,Male_Mortality
790,Male,17,Mortality,4/4/17,Male_Mortality
790,Male,15,Mortality,4/7/17,Male_Mortality
796,Male,23,Mortality,4/3/17,Male_Mortality
796,Male,13,Mortality,4/2/17,Male_Mortality
796,Male,13,Mortality,4/4/17,Male_Mortality
801,Male,31,Mortality,4/3/17,Male_Mortality
801,Male,29,Mortality,4/4/17,Male_Mortality
801,Male,23,Mortality,4/7/17,Male_Mortality
802,Male,19,Mortality,4/3/17,Male_Mortality
802,Male,27,Mortality,4/2/17,Male_Mortality
802,Male,19,Mortality,4/7/17,Male_Mortality
805,Male,27,Mortality,4/2/17,Male_Mortality
805,Male,15,Mortality,4/4/17,Male_Mortality
805,Male,25,Mortality,4/7/17,Male_Mortality
808,Male,27,Mortality,4/3/17,Male_Mortality
808,Male,25,Mortality,4/2/17,Male_Mortality
808,Male,23,Mortality,4/5/17,Male_Mortality
818,Male,13,Mortality,4/3/17,Male_Mortality
818,Male,27,Mortality,4/3/17,Male_Mortality
818,Male,25,Mortality,4/4/17,Male_Mortality
820,Male,25,Mortality,4/2/17,Male_Mortality
820,Male,11,Mortality,4/4/17,Male_Mortality
820,Male,23,Mortality,4/5/17,Male_Mortality
821,Male,11,Mortality,4/2/17,Male_Mortality
821,Male,23,Mortality,4/3/17,Male_Mortality
821,Male,21,Mortality,4/5/17,Male_Mortality
822,Male,15,Mortality,4/3/17,Male_Mortality
822,Male,15,Mortality,4/3/17,Male_Mortality
822,Male,15,Mortality,4/7/17,Male_Mortality
832,Male,19,Mortality,4/3/17,Male_Mortality
832,Male,17,Mortality,4/4/17,Male_Mortality
832,Male,13,Mortality,4/5/17,Male_Mortality
843,Male,25,Mortality,4/4/17,Male_Mortality
843,Male,21,Mortality,4/5/17,Male_Mortality
843,Male,17,Mortality,4/7/17,Male_Mortality
852,Male,19,Mortality,4/4/17,Male_Mortality
852,Male,19,Mortality,4/2/17,Male_Mortality
852,Male,13,Mortality,4/4/17,Male_Mortality
853,Male,25,Mortality,4/2/17,Male_Mortality
853,Male,15,Mortality,4/3/17,Male_Mortality
853,Male,23,Mortality,4/5/17,Male_Mortality
855,Male,13,Mortality,4/3/17,Male_Mortality
855,Male,21,Mortality,4/4/17,Male_Mortality
855,Male,17,Mortality,4/5/17,Male_Mortality
859,Male,19,Mortality,4/4/17,Male_Mortality
859,Male,7,Mortality,4/7/17,Male_Mortality
859,Male,25,Mortality,4/2/17,Male_Mortality
879,Male,25,Mortality,4/2/17,Male_Mortality
879,Male,21,Mortality,4/3/17,Male_Mortality
879,Male,21,Mortality,4/7/17,Male_Mortality
897,Male,27,Mortality,4/4/17,Male_Mortality
897,Male,21,Mortality,4/7/17,Male_Mortality
897,Male,23,Mortality,4/2/17,Male_Mortality
913,Male,19,Mortality,4/4/17,Male_Mortality
913,Male,15,Mortality,4/5/17,Male_Mortality
21,Female,2.50111441,titre,2-May,Female_titre
21,Female,2.25631366,titre,2-Jul,Female_titre
21,Female,1.91027167,titre,2-Jun,Female_titre
21,Female,1.17566875,titre,2-Aug,Female_titre
21,Female,1.90130373,titre,2-Jul,Female_titre
28,Female,1.83888178,titre,2-May,Female_titre
28,Female,2.49157287,titre,2-Jul,Female_titre
28,Female,2.27943459,titre,2-Jul,Female_titre
28,Female,1.76431472,titre,2-Aug,Female_titre
31,Female,1.75394149,titre,2-May,Female_titre
31,Female,2.60030098,titre,2-Jun,Female_titre
31,Female,1.528829,titre,2-Jul,Female_titre
31,Female,1.65973067,titre,2-Sep,Female_titre
32,Female,3.57385042,titre,2-May,Female_titre
32,Female,1.97978375,titre,2-Jun,Female_titre
32,Female,2.23450901,titre,2-Jul,Female_titre
32,Female,1.50297962,titre,2-Jul,Female_titre
32,Female,0.58576852,titre,2-Aug,Female_titre
48,Female,2.68101711,titre,2-May,Female_titre
48,Female,2.25769511,titre,2-Jul,Female_titre
48,Female,2.30222681,titre,2-Jun,Female_titre
48,Female,1.8432047,titre,2-Jul,Female_titre
48,Female,1.0368691,titre,2-Aug,Female_titre
49,Female,2.46568789,titre,2-May,Female_titre
49,Female,1.38491379,titre,2-Jul,Female_titre
49,Female,1.81559635,titre,2-Jul,Female_titre
49,Female,0.814022,titre,2-Aug,Female_titre
57,Female,1.81022442,titre,2-May,Female_titre
57,Female,2.22355731,titre,2-Jul,Female_titre
57,Female,1.22588099,titre,2-Jun,Female_titre
57,Female,1.69510408,titre,2-Aug,Female_titre
57,Female,1.39141712,titre,2-Aug,Female_titre
59,Female,2.77589598,titre,2-Sep,Female_titre
59,Female,2.21166569,titre,2-Sep,Female_titre
59,Female,2.25710774,titre,2-Sep,Female_titre
59,Female,1.29441124,titre,2-Sep,Female_titre
59,Female,1.46847263,titre,2-Sep,Female_titre
75,Female,1.81077534,titre,2-Jul,Female_titre
75,Female,1.90107664,titre,2-Jul,Female_titre
75,Female,2.14753875,titre,2-Aug,Female_titre
83,Female,2.94992205,titre,2-May,Female_titre
83,Female,2.0517771,titre,2-Jun,Female_titre
83,Female,0.98204973,titre,2-Aug,Female_titre
83,Female,0.81623657,titre,2-Jul,Female_titre
83,Female,1.33670971,titre,2-Jul,Female_titre
91,Female,3.09304835,titre,2-May,Female_titre
91,Female,2.58627346,titre,2-Jun,Female_titre
91,Female,2.80833337,titre,2-Jul,Female_titre
91,Female,1.39795748,titre,2-Jul,Female_titre
91,Female,2.344198,titre,2-Sep,Female_titre
93,Female,2.56211213,titre,2-May,Female_titre
93,Female,2.22768272,titre,2-Jun,Female_titre
93,Female,2.46117262,titre,2-Jul,Female_titre
93,Female,2.2850893,titre,2-Jul,Female_titre
93,Female,1.16665372,titre,2-Aug,Female_titre
101,Female,3.23239031,titre,2-May,Female_titre
101,Female,2.770543,titre,2-Jun,Female_titre
101,Female,1.66381071,titre,2-Jul,Female_titre
101,Female,3.54162547,titre,2-Jul,Female_titre
101,Female,2.13425707,titre,2-Aug,Female_titre
129,Female,2.55034884,titre,2-May,Female_titre
129,Female,2.32796251,titre,2-Jun,Female_titre
129,Female,2.07273197,titre,2-Jul,Female_titre
129,Female,1.38589935,titre,2-Aug,Female_titre
129,Female,1.11872467,titre,2-Jul,Female_titre
138,Female,2.18262135,titre,2-May,Female_titre
138,Female,1.39022916,titre,2-Jun,Female_titre
138,Female,1.24449728,titre,2-Jul,Female_titre
138,Female,1.51091837,titre,2-Jul,Female_titre
138,Female,0.62631921,titre,2-Aug,Female_titre
142,Female,2.9322385,titre,2-May,Female_titre
142,Female,2.4710133,titre,2-Jul,Female_titre
142,Female,2.25782573,titre,2-Jul,Female_titre
142,Female,1.29511144,titre,2-Sep,Female_titre
149,Female,1.71527637,titre,2-May,Female_titre
149,Female,1.58000039,titre,2-Jul,Female_titre
149,Female,1.71233518,titre,2-Jun,Female_titre
149,Female,2.22077403,titre,2-Sep,Female_titre
153,Female,2.93996826,titre,2-May,Female_titre
153,Female,2.22600499,titre,2-Jul,Female_titre
153,Female,2.38608278,titre,2-Jun,Female_titre
153,Female,1.97768172,titre,2-Jul,Female_titre
153,Female,0.9437515,titre,2-Aug,Female_titre
189,Female,2.67782817,titre,2-Jun,Female_titre
189,Female,2.90781392,titre,2-Jul,Female_titre
189,Female,1.57405171,titre,2-Jul,Female_titre
189,Female,1.52560246,titre,2-Sep,Female_titre
195,Female,2.83704844,titre,2-Jul,Female_titre
195,Female,1.62661087,titre,2-Aug,Female_titre
195,Female,1.72891489,titre,2-Jul,Female_titre
208,Female,1.11809509,titre,2-Sep,Female_titre
208,Female,1.03674451,titre,2-Sep,Female_titre
208,Female,1.98900318,titre,2-Sep,Female_titre
208,Female,2.66653111,titre,2-Sep,Female_titre
208,Female,2.62197041,titre,2-Sep,Female_titre
217,Female,3.12229596,titre,2-May,Female_titre
217,Female,2.47628446,titre,2-Jul,Female_titre
217,Female,2.18177186,titre,2-Jun,Female_titre
217,Female,1.1567671,titre,2-Jul,Female_titre
217,Female,1.28947941,titre,2-Aug,Female_titre
228,Female,2.57340805,titre,2-May,Female_titre
228,Female,1.89866743,titre,2-Jun,Female_titre
228,Female,2.37081964,titre,2-Jul,Female_titre
228,Female,2.13649116,titre,2-Aug,Female_titre
228,Female,1.67597104,titre,2-Sep,Female_titre
235,Female,2.16422238,titre,2-Sep,Female_titre
235,Female,2.46935022,titre,2-Sep,Female_titre
235,Female,2.20240865,titre,2-Sep,Female_titre
235,Female,2.59561347,titre,2-Sep,Female_titre
235,Female,2.30967809,titre,2-Sep,Female_titre
237,Female,3.58780704,titre,2-May,Female_titre
237,Female,2.49690546,titre,2-Jul,Female_titre
237,Female,2.1565667,titre,2-Jul,Female_titre
237,Female,1.534815,titre,2-Aug,Female_titre
239,Female,3.2863846,titre,2-May,Female_titre
239,Female,2.06299062,titre,2-Jun,Female_titre
239,Female,2.16554412,titre,2-Jul,Female_titre
239,Female,1.03874089,titre,2-Jul,Female_titre
239,Female,0.90150298,titre,2-Aug,Female_titre
280,Female,1.93176972,titre,2-Sep,Female_titre
280,Female,1.58931743,titre,2-Sep,Female_titre
280,Female,1.47513959,titre,2-Sep,Female_titre
280,Female,1.81368695,titre,2-Sep,Female_titre
280,Female,1.22318871,titre,2-Sep,Female_titre
287,Female,1.30192396,titre,2-May,Female_titre
287,Female,1.90979597,titre,2-Jun,Female_titre
287,Female,2.5069029,titre,2-Jul,Female_titre
287,Female,1.41407613,titre,2-Aug,Female_titre
287,Female,1.762368,titre,2-Jul,Female_titre
301,Female,3.20408463,titre,2-May,Female_titre
301,Female,2.45362459,titre,2-Jul,Female_titre
301,Female,0.11228825,titre,2-Jun,Female_titre
301,Female,2.13811577,titre,2-Jul,Female_titre
303,Female,1.85465449,titre,2-Jul,Female_titre
303,Female,1.10476317,titre,2-Jun,Female_titre
303,Female,1.35936355,titre,2-Jul,Female_titre
303,Female,1.53662421,titre,2-Sep,Female_titre
304,Female,3.60687319,titre,2-May,Female_titre
304,Female,2.60803246,titre,2-Jun,Female_titre
304,Female,2.32505951,titre,2-Jul,Female_titre
304,Female,1.43948311,titre,2-Jul,Female_titre
304,Female,1.0663125,titre,2-Sep,Female_titre
306,Female,1.54330725,titre,2-May,Female_titre
306,Female,2.24875645,titre,2-Jun,Female_titre
306,Female,1.06154574,titre,2-Jul,Female_titre
306,Female,1.45194201,titre,2-Sep,Female_titre
306,Female,1.74519661,titre,2-Aug,Female_titre
309,Female,2.00035221,titre,2-May,Female_titre
309,Female,2.10796673,titre,2-Jun,Female_titre
309,Female,1.94740118,titre,2-Jul,Female_titre
309,Female,1.09521761,titre,2-Aug,Female_titre
309,Female,2.17557887,titre,2-Jul,Female_titre
310,Female,2.7444539,titre,2-May,Female_titre
310,Female,2.71984702,titre,2-Jun,Female_titre
310,Female,2.08152652,titre,2-Jul,Female_titre
310,Female,1.74008794,titre,2-Sep,Female_titre
313,Female,1.49947805,titre,2-May,Female_titre
313,Female,2.17815029,titre,2-Jul,Female_titre
313,Female,2.14843675,titre,2-Jun,Female_titre
313,Female,1.60064177,titre,2-Jul,Female_titre
313,Female,1.10426077,titre,2-Aug,Female_titre
317,Female,2.00099126,titre,2-May,Female_titre
317,Female,1.26722921,titre,2-Jun,Female_titre
317,Female,1.85176384,titre,2-Jul,Female_titre
317,Female,0.55433534,titre,2-Aug,Female_titre
317,Female,2.35985186,titre,2-Jul,Female_titre
321,Female,2.50031029,titre,2-May,Female_titre
321,Female,1.8076421,titre,2-Jul,Female_titre
321,Female,1.21580002,titre,2-Aug,Female_titre
321,Female,0.50865071,titre,2-Sep,Female_titre
324,Female,3.42341495,titre,2-May,Female_titre
324,Female,1.91602112,titre,2-Jul,Female_titre
324,Female,2.22621571,titre,2-Jul,Female_titre
324,Female,-0.2488156,titre,2-Aug,Female_titre
336,Female,2.41448147,titre,2-May,Female_titre
336,Female,2.01043663,titre,2-Jun,Female_titre
336,Female,1.13244013,titre,2-Jul,Female_titre
336,Female,1.77863191,titre,2-Jul,Female_titre
336,Female,2.10830922,titre,2-Aug,Female_titre
340,Female,2.76288157,titre,2-May,Female_titre
340,Female,1.95015806,titre,2-Jun,Female_titre
340,Female,0.63499204,titre,2-Aug,Female_titre
340,Female,2.48611883,titre,2-Jul,Female_titre
340,Female,1.23738218,titre,2-Jul,Female_titre
348,Female,2.65797024,titre,2-May,Female_titre
348,Female,2.01462835,titre,2-Jul,Female_titre
348,Female,1.86537021,titre,2-Jun,Female_titre
348,Female,1.10332258,titre,2-Jul,Female_titre
348,Female,0.88862896,titre,2-Aug,Female_titre
350,Female,1.78728321,titre,2-May,Female_titre
350,Female,1.53399164,titre,2-Aug,Female_titre
350,Female,1.71357855,titre,2-Jul,Female_titre
352,Female,2.35583095,titre,2-May,Female_titre
352,Female,3.63672195,titre,2-May,Female_titre
352,Female,2.76417001,titre,2-Jul,Female_titre
352,Female,2.34664253,titre,2-Jun,Female_titre
352,Female,2.61757744,titre,2-Jul,Female_titre
352,Female,1.02727072,titre,2-Jul,Female_titre
352,Female,0.78636484,titre,2-Jul,Female_titre
352,Female,1.76434946,titre,2-Aug,Female_titre
352,Female,0.85078605,titre,2-Aug,Female_titre
354,Female,1.57683241,titre,2-May,Female_titre
354,Female,1.78084074,titre,2-Jul,Female_titre
354,Female,1.57334032,titre,2-Jun,Female_titre
354,Female,1.24527356,titre,2-Aug,Female_titre
354,Female,1.85365486,titre,2-Jul,Female_titre
358,Female,1.8201452,titre,2-May,Female_titre
358,Female,2.35464242,titre,2-Jul,Female_titre
358,Female,2.62839249,titre,2-Jun,Female_titre
358,Female,0.86308935,titre,2-Aug,Female_titre
358,Female,1.54218159,titre,2-Jul,Female_titre
360,Female,2.82430418,titre,2-Sep,Female_titre
360,Female,3.05648297,titre,2-Sep,Female_titre
360,Female,2.87688888,titre,2-Sep,Female_titre
360,Female,2.12158487,titre,2-Sep,Female_titre
360,Female,2.23334718,titre,2-Sep,Female_titre
361,Female,2.60061821,titre,2-May,Female_titre
361,Female,2.24769739,titre,2-Jun,Female_titre
361,Female,2.3052211,titre,2-Jul,Female_titre
361,Female,2.40920543,titre,2-Jul,Female_titre
361,Female,1.62591325,titre,2-Sep,Female_titre
365,Female,2.58297457,titre,2-Jun,Female_titre
365,Female,0.90838411,titre,2-Aug,Female_titre
365,Female,2.24351715,titre,2-Jul,Female_titre
365,Female,1.82695169,titre,2-Jul,Female_titre
370,Female,3.71147188,titre,2-May,Female_titre
370,Female,2.57280316,titre,2-Jul,Female_titre
370,Female,2.31122777,titre,2-Jun,Female_titre
370,Female,2.49038721,titre,2-Sep,Female_titre
370,Female,2.80330164,titre,2-Sep,Female_titre
371,Female,3.33250301,titre,2-May,Female_titre
371,Female,1.65499808,titre,2-Jul,Female_titre
371,Female,1.13535433,titre,2-Aug,Female_titre
371,Female,1.51123904,titre,2-Sep,Female_titre
373,Female,2.40194966,titre,2-Jul,Female_titre
373,Female,1.7603696,titre,2-Jun,Female_titre
373,Female,1.50615334,titre,2-Jul,Female_titre
373,Female,1.60626662,titre,2-Aug,Female_titre
375,Female,1.82214015,titre,2-May,Female_titre
375,Female,2.40739737,titre,2-Jul,Female_titre
375,Female,1.92256751,titre,2-Jul,Female_titre
375,Female,1.06856094,titre,2-Aug,Female_titre
377,Female,2.88040007,titre,2-May,Female_titre
377,Female,2.51147386,titre,2-Jun,Female_titre
377,Female,1.86986136,titre,2-Aug,Female_titre
377,Female,2.47725797,titre,2-Jul,Female_titre
377,Female,1.74040402,titre,2-Jul,Female_titre
379,Female,2.39498183,titre,2-Sep,Female_titre
379,Female,2.14978547,titre,2-Sep,Female_titre
379,Female,2.50121948,titre,2-Sep,Female_titre
379,Female,2.48167132,titre,2-Sep,Female_titre
379,Female,2.12521907,titre,2-Sep,Female_titre
380,Female,3.11953707,titre,2-May,Female_titre
380,Female,1.99989087,titre,2-Jul,Female_titre
380,Female,2.62811804,titre,2-Jun,Female_titre
380,Female,1.30227851,titre,2-Sep,Female_titre
381,Female,3.12754185,titre,2-May,Female_titre
381,Female,1.43627494,titre,2-Jul,Female_titre
381,Female,1.59088118,titre,2-Aug,Female_titre
381,Female,2.09967429,titre,2-Jul,Female_titre
382,Female,2.43725905,titre,2-May,Female_titre
382,Female,1.17051214,titre,2-Jul,Female_titre
382,Female,1.42851103,titre,2-Aug,Female_titre
382,Female,1.46884928,titre,2-Jul,Female_titre
386,Female,2.31929571,titre,2-May,Female_titre
386,Female,1.88332247,titre,2-Jun,Female_titre
386,Female,2.35704245,titre,2-Jul,Female_titre
386,Female,1.27639726,titre,2-Aug,Female_titre
386,Female,1.82435961,titre,2-Jul,Female_titre
390,Female,2.53354779,titre,2-May,Female_titre
390,Female,1.99623398,titre,2-Jul,Female_titre
390,Female,1.3629323,titre,2-Jul,Female_titre
390,Female,1.81745838,titre,2-Sep,Female_titre
392,Female,3.08636531,titre,2-May,Female_titre
392,Female,2.17419168,titre,2-Jul,Female_titre
392,Female,1.64949122,titre,2-Jul,Female_titre
392,Female,1.42498046,titre,2-Sep,Female_titre
395,Female,1.64109543,titre,2-Jul,Female_titre
395,Female,1.72515552,titre,2-Jul,Female_titre
395,Female,1.53397183,titre,2-Sep,Female_titre
397,Female,2.40726876,titre,2-May,Female_titre
397,Female,2.11498709,titre,2-Jul,Female_titre
397,Female,1.45932037,titre,2-Aug,Female_titre
397,Female,1.84074151,titre,2-Jul,Female_titre
399,Female,3.76003195,titre,2-May,Female_titre
399,Female,1.3180584,titre,2-Jun,Female_titre
399,Female,1.14430247,titre,2-Jul,Female_titre
399,Female,1.30556677,titre,2-Jul,Female_titre
399,Female,-0.0384797,titre,2-Aug,Female_titre
405,Female,2.87492724,titre,2-May,Female_titre
405,Female,0.42491388,titre,2-Jul,Female_titre
405,Female,1.73814811,titre,2-Jul,Female_titre
405,Female,2.7069107,titre,2-Sep,Female_titre
406,Female,3.72241899,titre,2-May,Female_titre
406,Female,2.34769383,titre,2-Jul,Female_titre
406,Female,1.91233237,titre,2-Jun,Female_titre
406,Female,1.68193867,titre,2-Jul,Female_titre
406,Female,2.10405721,titre,2-Aug,Female_titre
409,Female,1.5226251,titre,2-May,Female_titre
409,Female,2.05113632,titre,2-Jul,Female_titre
409,Female,2.0336256,titre,2-Jun,Female_titre
409,Female,1.64496964,titre,2-Jul,Female_titre
409,Female,1.60714883,titre,2-Sep,Female_titre
426,Female,2.48894375,titre,2-May,Female_titre
426,Female,1.32362411,titre,2-Jun,Female_titre
426,Female,1.46378396,titre,2-Jul,Female_titre
426,Female,0.96286674,titre,2-Jul,Female_titre
426,Female,1.29042105,titre,2-Sep,Female_titre
427,Female,1.99142101,titre,2-Sep,Female_titre
427,Female,2.37488906,titre,2-Sep,Female_titre
427,Female,2.49852462,titre,2-Sep,Female_titre
427,Female,2.09710603,titre,2-Sep,Female_titre
437,Female,1.53839064,titre,2-May,Female_titre
437,Female,2.24096669,titre,2-Jul,Female_titre
437,Female,1.34479286,titre,2-Aug,Female_titre
437,Female,1.24796067,titre,2-Jul,Female_titre
439,Female,2.52734533,titre,2-May,Female_titre
439,Female,2.08524111,titre,2-Jul,Female_titre
439,Female,0.9709608,titre,2-Aug,Female_titre
439,Female,1.32269941,titre,2-Jul,Female_titre
441,Female,2.64272002,titre,2-May,Female_titre
441,Female,1.86043322,titre,2-Jun,Female_titre
441,Female,2.16316562,titre,2-Jul,Female_titre
441,Female,1.40664782,titre,2-Jul,Female_titre
441,Female,1.55995844,titre,2-Aug,Female_titre
443,Female,3.43628983,titre,2-May,Female_titre
443,Female,0.94710637,titre,2-Aug,Female_titre
443,Female,2.42410627,titre,2-Jul,Female_titre
443,Female,2.19761951,titre,2-Jul,Female_titre
486,Female,1.90147598,titre,2-Jun,Female_titre
486,Female,2.21339968,titre,2-Jul,Female_titre
486,Female,1.87092214,titre,2-Jul,Female_titre
486,Female,2.46508673,titre,2-Aug,Female_titre
491,Female,1.03551177,titre,2-May,Female_titre
491,Female,1.63958767,titre,2-Jul,Female_titre
491,Female,0.73963379,titre,2-Aug,Female_titre
491,Female,1.41673396,titre,2-Jul,Female_titre
502,Female,1.82244533,titre,2-May,Female_titre
502,Female,2.39529762,titre,2-Jun,Female_titre
502,Female,2.4734208,titre,2-Jul,Female_titre
502,Female,2.79618912,titre,2-Jul,Female_titre
502,Female,1.43837841,titre,2-Aug,Female_titre
508,Female,1.685181,titre,2-May,Female_titre
508,Female,3.20651193,titre,2-Jul,Female_titre
508,Female,2.22457761,titre,2-Jun,Female_titre
508,Female,1.2926962,titre,2-Aug,Female_titre
508,Female,2.21106798,titre,2-Jul,Female_titre
509,Female,2.25517365,titre,2-May,Female_titre
509,Female,1.9229367,titre,2-Jun,Female_titre
509,Female,2.30590838,titre,2-Jul,Female_titre
509,Female,1.29488895,titre,2-Jul,Female_titre
509,Female,1.97213438,titre,2-Aug,Female_titre
517,Female,1.80050029,titre,2-Jul,Female_titre
517,Female,0.99078916,titre,2-Aug,Female_titre
517,Female,1.19683292,titre,2-Jul,Female_titre
528,Female,1.05259962,titre,2-May,Female_titre
528,Female,-0.1095543,titre,2-Aug,Female_titre
528,Female,1.19437203,titre,2-Jul,Female_titre
528,Female,1.44691516,titre,2-Jul,Female_titre
535,Female,0.6176751,titre,2-May,Female_titre
535,Female,1.66963365,titre,2-Aug,Female_titre
535,Female,2.43868442,titre,2-Jul,Female_titre
555,Female,2.94681494,titre,2-May,Female_titre
555,Female,1.29513096,titre,2-Jun,Female_titre
555,Female,1.99674499,titre,2-Jul,Female_titre
555,Female,1.68820056,titre,2-Jul,Female_titre
555,Female,1.20521378,titre,2-Aug,Female_titre
559,Female,3.68588475,titre,2-May,Female_titre
559,Female,2.13693672,titre,2-Jul,Female_titre
559,Female,1.23932086,titre,2-Aug,Female_titre
559,Female,1.55956255,titre,2-Jul,Female_titre
563,Female,3.61060471,titre,2-May,Female_titre
563,Female,2.23524567,titre,2-Jun,Female_titre
563,Female,2.31992643,titre,2-Jul,Female_titre
563,Female,0.91207085,titre,2-Jul,Female_titre
563,Female,1.36577243,titre,2-Aug,Female_titre
566,Female,3.68974618,titre,2-May,Female_titre
566,Female,1.90305379,titre,2-Jul,Female_titre
566,Female,1.89931767,titre,2-Jun,Female_titre
566,Female,1.81750288,titre,2-Jul,Female_titre
566,Female,1.25773848,titre,2-Aug,Female_titre
584,Female,2.04762671,titre,2-May,Female_titre
584,Female,3.02860476,titre,2-Jul,Female_titre
584,Female,1.80118269,titre,2-Jul,Female_titre
589,Female,2.49352418,titre,2-May,Female_titre
589,Female,2.50402286,titre,2-Jul,Female_titre
589,Female,2.38014357,titre,2-Jun,Female_titre
589,Female,1.44629477,titre,2-Aug,Female_titre
589,Female,1.81224636,titre,2-Jul,Female_titre
627,Female,2.31428407,titre,2-Sep,Female_titre
627,Female,2.4720781,titre,2-Sep,Female_titre
627,Female,2.50318171,titre,2-Sep,Female_titre
627,Female,1.88959096,titre,2-Sep,Female_titre
627,Female,2.01865816,titre,2-Sep,Female_titre
634,Female,3.39995483,titre,2-May,Female_titre
634,Female,2.39369655,titre,2-Jun,Female_titre
634,Female,2.35111961,titre,2-Jul,Female_titre
634,Female,2.29140315,titre,2-Jul,Female_titre
634,Female,1.20623264,titre,2-Aug,Female_titre
703,Female,2.10102875,titre,2-Sep,Female_titre
703,Female,2.31927762,titre,2-Sep,Female_titre
703,Female,2.17663621,titre,2-Sep,Female_titre
703,Female,2.06024064,titre,2-Sep,Female_titre
703,Female,1.04494135,titre,2-Sep,Female_titre
712,Female,2.94109822,titre,2-Jul,Female_titre
712,Female,1.77058637,titre,2-Jul,Female_titre
712,Female,1.87859419,titre,2-Sep,Female_titre
716,Female,2.34139692,titre,2-Sep,Female_titre
716,Female,2.79536806,titre,2-Sep,Female_titre
716,Female,2.47823233,titre,2-Sep,Female_titre
716,Female,2.13390022,titre,2-Sep,Female_titre
716,Female,1.57112747,titre,2-Sep,Female_titre
730,Female,3.46159117,titre,2-May,Female_titre
730,Female,1.76519234,titre,2-Jul,Female_titre
730,Female,2.05135422,titre,2-Jun,Female_titre
730,Female,2.15485223,titre,2-Jul,Female_titre
730,Female,1.62080056,titre,2-Sep,Female_titre
732,Female,1.7615788,titre,2-Sep,Female_titre
732,Female,1.91112259,titre,2-Sep,Female_titre
732,Female,1.21826349,titre,2-Sep,Female_titre
732,Female,1.54042291,titre,2-Sep,Female_titre
732,Female,1.08078041,titre,2-Sep,Female_titre
737,Female,1.05276526,titre,2-Aug,Female_titre
737,Female,3.65565001,titre,2-Jul,Female_titre
737,Female,2.19912727,titre,2-Jul,Female_titre
738,Female,1.74328089,titre,2-May,Female_titre
738,Female,2.08873751,titre,2-Jul,Female_titre
738,Female,2.32509826,titre,2-Jun,Female_titre
738,Female,1.48149966,titre,2-Sep,Female_titre
738,Female,1.14836156,titre,2-Sep,Female_titre
765,Female,0.50862401,titre,2-Jul,Female_titre
765,Female,1.06441688,titre,2-Jul,Female_titre
765,Female,-0.8936024,titre,2-Aug,Female_titre
774,Female,2.81977858,titre,2-May,Female_titre
774,Female,2.11382411,titre,2-Jun,Female_titre
774,Female,0.8804594,titre,2-Jul,Female_titre
774,Female,1.41334665,titre,2-Jul,Female_titre
774,Female,1.48477961,titre,2-Aug,Female_titre
776,Female,3.34333385,titre,2-May,Female_titre
776,Female,2.66346705,titre,2-Jul,Female_titre
776,Female,2.02298108,titre,2-Jun,Female_titre
776,Female,1.19709445,titre,2-Aug,Female_titre
776,Female,2.15237297,titre,2-Jul,Female_titre
783,Female,2.61117201,titre,2-May,Female_titre
783,Female,2.26728431,titre,2-Jun,Female_titre
783,Female,1.9188133,titre,2-Jul,Female_titre
783,Female,0.8311532,titre,2-Aug,Female_titre
783,Female,1.47391259,titre,2-Jul,Female_titre
786,Female,2.8079217,titre,2-May,Female_titre
786,Female,2.56357999,titre,2-Jun,Female_titre
786,Female,2.74942104,titre,2-Jul,Female_titre
786,Female,1.66217261,titre,2-Jul,Female_titre
786,Female,0.56901742,titre,2-Aug,Female_titre
790,Female,3.24426039,titre,2-May,Female_titre
790,Female,2.36591423,titre,2-Jul,Female_titre
790,Female,1.63532963,titre,2-Jun,Female_titre
790,Female,2.19078517,titre,2-Jul,Female_titre
790,Female,1.88936302,titre,2-Aug,Female_titre
796,Female,2.71713034,titre,2-Sep,Female_titre
796,Female,2.41242623,titre,2-Sep,Female_titre
796,Female,2.28589887,titre,2-Sep,Female_titre
796,Female,2.75975465,titre,2-Sep,Female_titre
796,Female,2.4612154,titre,2-Sep,Female_titre
801,Female,1.50377886,titre,2-May,Female_titre
801,Female,2.3149369,titre,2-Jul,Female_titre
801,Female,1.34027214,titre,2-Jul,Female_titre
801,Female,1.51007635,titre,2-Sep,Female_titre
802,Female,2.76967543,titre,2-May,Female_titre
802,Female,1.54339567,titre,2-Jul,Female_titre
802,Female,2.13518837,titre,2-Jun,Female_titre
802,Female,2.09699378,titre,2-Jul,Female_titre
802,Female,0.41879209,titre,2-Aug,Female_titre
805,Female,3.77793741,titre,2-May,Female_titre
805,Female,2.67469694,titre,2-Jul,Female_titre
805,Female,2.59444733,titre,2-Jul,Female_titre
805,Female,1.26274954,titre,2-Aug,Female_titre
808,Female,2.48524323,titre,2-Sep,Female_titre
808,Female,2.83589091,titre,2-Sep,Female_titre
808,Female,2.50132743,titre,2-Sep,Female_titre
808,Female,2.32098434,titre,2-Sep,Female_titre
808,Female,2.1387864,titre,2-Sep,Female_titre
818,Female,3.96022435,titre,2-May,Female_titre
818,Female,1.99319146,titre,2-Jun,Female_titre
818,Female,2.3985078,titre,2-Jul,Female_titre
818,Female,1.50662818,titre,2-Jul,Female_titre
820,Female,2.78072991,titre,2-May,Female_titre
820,Female,2.0423656,titre,2-Jun,Female_titre
820,Female,2.46833567,titre,2-Jul,Female_titre
820,Female,2.02419487,titre,2-Jul,Female_titre
820,Female,1.82967297,titre,2-Sep,Female_titre
821,Female,2.97979291,titre,2-May,Female_titre
821,Female,1.85056669,titre,2-Jul,Female_titre
821,Female,1.93023611,titre,2-Jun,Female_titre
821,Female,1.31474458,titre,2-Jul,Female_titre
821,Female,1.52376339,titre,2-Aug,Female_titre
822,Female,3.11756164,titre,2-May,Female_titre
822,Female,2.44696308,titre,2-Jul,Female_titre
822,Female,2.04105162,titre,2-Jun,Female_titre
822,Female,1.61402738,titre,2-Jul,Female_titre
822,Female,2.07414673,titre,2-Aug,Female_titre
832,Female,2.98959398,titre,2-May,Female_titre
832,Female,1.9713403,titre,2-Jun,Female_titre
832,Female,1.12625719,titre,2-Jul,Female_titre
832,Female,1.56094286,titre,2-Jul,Female_titre
832,Female,0.43213061,titre,2-Sep,Female_titre
843,Female,1.21826091,titre,2-May,Female_titre
843,Female,0.92675265,titre,2-Jun,Female_titre
843,Female,1.71033478,titre,2-Jul,Female_titre
843,Female,0.8495958,titre,2-Aug,Female_titre
843,Female,1.17812648,titre,2-Jul,Female_titre
853,Female,1.67205751,titre,2-May,Female_titre
853,Female,2.26729321,titre,2-Jul,Female_titre
853,Female,2.04237077,titre,2-Jul,Female_titre
853,Female,0.69889592,titre,2-Sep,Female_titre
855,Female,2.15467711,titre,2-May,Female_titre
855,Female,1.72003049,titre,2-Jul,Female_titre
855,Female,0.84196308,titre,2-Jul,Female_titre
855,Female,1.57953388,titre,2-Sep,Female_titre
859,Female,3.449554,titre,2-May,Female_titre
859,Female,1.63092001,titre,2-Jul,Female_titre
859,Female,2.13872181,titre,2-Jun,Female_titre
859,Female,1.7726617,titre,2-Sep,Female_titre
859,Female,1.2989578,titre,2-Aug,Female_titre
879,Female,3.16650066,titre,2-May,Female_titre
879,Female,1.81472017,titre,2-Jun,Female_titre
879,Female,2.57009882,titre,2-Jul,Female_titre
879,Female,0.86387653,titre,2-Aug,Female_titre
879,Female,1.71973163,titre,2-Jul,Female_titre
897,Female,1.94609236,titre,2-Jun,Female_titre
897,Female,1.70917381,titre,2-Jul,Female_titre
897,Female,1.30776756,titre,2-Jul,Female_titre
897,Female,1.49873306,titre,2-Aug,Female_titre
907,Female,2.253421,titre,2-Jul,Female_titre
907,Female,1.58430063,titre,2-Jul,Female_titre
907,Female,1.0552563,titre,2-Sep,Female_titre
913,Female,2.32956903,titre,2-Jul,Female_titre
913,Female,2.42132614,titre,2-Jul,Female_titre
913,Female,1.32034129,titre,2-Sep,Female_titre